name,Pos,Age,Tm,G,MP,PER,TS%,3PAr,FTr,ORB%,DRB%,TRB%,AST%,STL%,BLK%,TOV%,USG%,OWS,DWS,WS,WS/48,OBPM,DBPM,BPM,VORP,salary
Quincy Acy,PF,28,PHO,10,123,2.9,0.379,0.833,0.556,2.7,20.1,11.3,8.2,0.4,2.7,15.2,9.2,-0.1,0.0,-0.1,-0.022000000000000002,-7.6,-0.5,-8.1,-0.2,"$213,948"
Jaylen Adams,PG,22,ATL,34,428,7.6,0.474,0.6729999999999999,0.08199999999999999,2.6,12.3,7.4,19.8,1.5,1.0,19.7,13.5,-0.1,0.2,0.1,0.011000000000000001,-3.8,-0.5,-4.3,-0.2,"$236,854"
Steven Adams,C,25,OKC,80,2669,18.5,0.591,0.002,0.361,14.7,14.8,14.7,6.6,2.0,2.4,12.6,16.4,5.1,4.0,9.1,0.163,0.7,0.4,1.1,2.1,"$24,157,304"
Bam Adebayo,C,21,MIA,82,1913,17.9,0.623,0.031,0.465,9.2,24.0,16.6,14.2,1.8,3.0,17.1,15.8,3.4,3.4,6.8,0.171,-0.4,2.2,1.8,1.8,"$2,955,840"
Deng Adel,SF,21,CLE,19,194,2.7,0.424,0.639,0.111,1.6,9.6,5.4,3.4,0.3,1.8,13.7,9.9,-0.2,0.0,-0.2,-0.054000000000000006,-6.0,-1.6,-7.5,-0.3,"$77,250"
DeVaughn Akoon-Purcell,SG,25,DEN,7,22,8.2,0.322,0.4,0.2,4.9,14.8,9.8,37.1,4.5,0.0,15.5,25.0,-0.1,0.0,0.0,-0.051,-7.9,2.1,-5.8,0.0,"$77,250"
LaMarcus Aldridge,C,33,SAS,81,2687,22.9,0.5760000000000001,0.032,0.312,10.3,19.8,15.1,11.6,0.8,3.4,8.8,26.9,6.4,2.9,9.3,0.16699999999999998,2.4,-0.6,1.8,2.6,"$22,347,015"
Rawle Alkins,SG,21,CHI,10,120,8.1,0.418,0.308,0.308,9.9,13.7,11.8,15.2,0.4,0.0,15.3,19.0,-0.1,0.0,-0.1,-0.042,-3.8,-3.5,-7.3,-0.2,"$77,250"
Grayson Allen,SG,23,UTA,38,416,7.5,0.516,0.556,0.337,0.8,5.1,3.0,8.9,0.7,1.1,13.9,24.4,-0.4,0.4,0.0,0.002,-4.2,-2.1,-6.3,-0.5,"$2,076,960"
Jarrett Allen,C,20,BRK,80,2096,18.5,0.632,0.079,0.489,9.6,24.0,16.8,7.9,1.0,4.5,13.0,15.9,4.4,3.3,7.6,0.175,0.2,1.4,1.6,1.9,"$2,034,120"
Kadeem Allen,SG,26,NYK,19,416,16.2,0.574,0.255,0.38299999999999995,2.0,11.1,6.4,28.7,1.9,0.8,13.6,19.6,0.7,0.2,1.0,0.111,0.3,0.3,0.6,0.3,"$77,250"
Al-Farouq Aminu,PF,28,POR,81,2292,13.2,0.568,0.47200000000000003,0.292,5.3,22.6,14.2,6.0,1.4,1.2,9.7,13.7,3.0,2.8,5.8,0.121,0.1,0.6,0.7,1.5,"$6,957,105"
Justin Anderson,SF,25,ATL,48,463,11.2,0.516,0.49,0.223,5.3,13.9,9.5,6.9,2.2,2.4,11.8,17.2,0.1,0.4,0.4,0.043,-2.4,-0.3,-2.7,-0.1,"$2,516,047"
Kyle Anderson,SF,25,MEM,43,1281,12.8,0.569,0.12300000000000001,0.23199999999999998,4.1,18.1,11.0,15.0,2.1,2.7,16.0,12.6,0.8,1.8,2.7,0.1,-1.6,2.4,0.8,0.9,"$8,641,000"
Ryan Anderson,PF,30,TOT,25,322,4.6,0.414,0.58,0.23199999999999998,6.1,12.5,9.2,7.8,0.6,0.3,15.5,12.0,-0.3,0.0,-0.2,-0.035,-4.5,-1.9,-6.4,-0.4,"$20,421,546"
Ryan Anderson,PF,30,PHO,15,278,4.6,0.423,0.5670000000000001,0.233,5.5,12.5,9.0,8.1,0.5,0.3,15.4,12.1,-0.2,0.0,-0.2,-0.039,-4.5,-1.9,-6.3,-0.3,"$20,421,546"
Ryan Anderson,PF,30,MIA,10,44,4.5,0.354,0.667,0.222,9.7,12.1,10.9,5.8,1.1,0.0,16.8,11.6,0.0,0.0,0.0,-0.009000000000000001,-4.6,-1.9,-6.5,0.0,"$20,421,546"
Ike Anigbogu,C,20,IND,3,6,-6.0,0.0,0.0,0.0,18.9,36.2,27.7,19.4,0.0,14.8,25.0,29.1,-0.1,0.0,-0.1,-0.48,-14.0,-2.3,-16.2,0.0,"$1,349,383"
Giannis Antetokounmpo,PF,24,MIL,72,2358,30.9,0.644,0.163,0.55,7.3,30.0,19.3,30.3,1.8,3.9,14.8,32.3,8.9,5.5,14.4,0.292,6.3,4.1,10.4,7.4,"$24,157,304"
Kostas Antetokounmpo,PF,21,DAL,2,11,-0.9,0.21,0.0,1.3330000000000002,0.0,9.7,4.9,0.0,8.8,0.0,17.4,22.5,-0.1,0.0,-0.1,-0.247,-12.6,-0.1,-12.7,0.0,"$77,250"
Carmelo Anthony,PF,34,HOU,10,294,10.9,0.513,0.529,0.182,3.3,17.3,10.2,2.6,0.7,2.0,5.8,20.5,0.1,0.2,0.3,0.048,-1.3,-1.4,-2.7,-0.1,"$2,393,887"
OG Anunoby,SF,21,TOR,67,1352,9.8,0.544,0.5,0.153,4.8,10.8,7.9,4.7,1.6,1.3,11.3,15.5,0.3,1.7,2.0,0.07,-2.4,0.1,-2.4,-0.1,"$1,952,760"
Ryan Arcidiacono,PG,24,CHI,81,1961,11.6,0.588,0.519,0.244,1.5,10.8,6.1,18.9,1.6,0.2,12.0,11.7,2.8,0.9,3.7,0.09,-2.0,0.1,-1.9,0.1,"$1,349,383"
Trevor Ariza,SF,33,TOT,69,2349,12.0,0.534,0.59,0.223,2.3,15.2,8.6,14.8,1.8,0.7,11.6,16.6,1.3,1.2,2.5,0.052000000000000005,-0.7,-0.6,-1.3,0.4,"$15,000,000"
Trevor Ariza,SF,33,PHO,26,884,10.5,0.525,0.612,0.18899999999999997,2.0,16.4,9.1,13.5,2.1,0.8,13.7,13.8,0.2,0.5,0.6,0.035,-1.1,0.0,-1.1,0.2,"$15,000,000"
Trevor Ariza,SF,33,WAS,43,1465,13.0,0.5379999999999999,0.58,0.23800000000000002,2.5,14.5,8.4,15.5,1.7,0.7,10.6,18.2,1.1,0.8,1.9,0.062,-0.5,-0.9,-1.4,0.2,"$15,000,000"
Deandre Ayton,C,20,PHO,71,2183,20.5,0.608,0.005,0.217,11.1,26.1,18.5,9.6,1.3,2.6,11.7,21.2,4.1,1.7,5.8,0.128,1.3,-1.1,0.2,1.2,"$8,175,840"
Dwayne Bacon,SG,23,CHO,43,759,11.7,0.57,0.33899999999999997,0.179,1.1,11.7,6.3,9.2,0.8,0.6,6.1,16.8,0.9,0.3,1.2,0.073,-2.1,-1.6,-3.7,-0.3,"$1,378,242"
Ron Baker,SG,25,TOT,15,152,2.5,0.309,0.65,0.3,0.7,7.1,3.8,12.8,1.9,0.6,18.1,7.8,-0.2,0.1,-0.1,-0.034,-7.7,0.7,-7.0,-0.2,"$4,697,823"
Ron Baker,SG,25,NYK,11,107,4.4,0.376,0.563,0.375,1.0,6.0,3.4,16.1,2.3,0.0,13.9,8.6,0.0,0.0,0.0,0.002,-7.7,1.1,-6.6,-0.1,"$4,697,823"
Ron Baker,SG,25,WAS,4,45,-2.0,0.0,1.0,0.0,0.0,9.8,4.8,5.1,1.1,1.9,33.3,5.7,-0.1,0.0,-0.1,-0.12,-7.9,0.0,-7.9,-0.1,"$4,697,823"
Wade Baldwin,PG,22,POR,16,94,1.3,0.396,0.273,0.33299999999999996,2.3,14.4,8.5,16.6,0.5,1.7,27.0,23.3,-0.4,0.1,-0.3,-0.153,-8.4,-1.9,-10.3,-0.2,"$1,544,951"
Lonzo Ball,PG,21,LAL,47,1423,11.7,0.48700000000000004,0.5,0.105,4.0,14.0,9.1,23.8,2.3,1.1,17.8,16.9,-0.2,1.7,1.6,0.052000000000000005,-1.6,1.3,-0.3,0.6,"$7,461,960"
Mo Bamba,C,20,ORL,47,766,14.9,0.539,0.28800000000000003,0.259,8.8,24.0,16.3,7.4,0.8,7.0,13.7,17.8,0.3,1.4,1.7,0.106,-2.8,1.4,-1.4,0.1,"$4,871,280"
Harrison Barnes,PF-SF,26,TOT,77,2533,12.8,0.55,0.429,0.271,2.4,12.7,7.5,6.7,0.9,0.4,7.9,20.9,2.0,1.6,3.6,0.068,-0.2,-1.2,-1.4,0.4,"$24,107,258"
Harrison Barnes,PF,26,DAL,49,1584,13.1,0.5379999999999999,0.434,0.276,2.4,11.5,7.0,6.3,1.0,0.6,7.8,23.7,0.8,1.1,1.9,0.059000000000000004,0.0,-1.2,-1.2,0.3,"$24,107,258"
Harrison Barnes,SF,26,SAC,28,949,12.3,0.578,0.419,0.258,2.2,14.8,8.4,7.5,0.8,0.2,8.0,16.3,1.1,0.5,1.7,0.084,-0.5,-1.2,-1.7,0.1,"$24,107,258"
Will Barton,SF,28,DEN,43,1189,11.0,0.501,0.426,0.161,2.9,15.3,9.1,14.6,0.7,1.6,11.7,20.0,0.1,1.1,1.2,0.049,-1.1,-0.8,-1.8,0.0,"$11,830,358"
Keita Bates-Diop,SF,23,MIN,30,503,9.6,0.489,0.366,0.19699999999999998,3.4,14.4,8.8,4.6,1.7,2.4,8.3,14.1,0.0,0.4,0.3,0.032,-2.8,-0.6,-3.4,-0.2,"$838,464"
Nicolas Batum,SF,30,CHO,75,2354,11.9,0.581,0.53,0.158,3.2,14.9,8.9,14.5,1.5,1.6,16.3,13.2,2.0,1.7,3.7,0.076,-0.7,0.4,-0.3,1.0,"$24,000,000"
Jerryd Bayless,PG,30,MIN,34,657,8.5,0.431,0.426,0.122,1.8,8.4,5.0,24.6,1.3,0.3,11.7,17.6,-0.2,0.2,0.0,-0.003,-2.9,-1.7,-4.6,-0.4,"$8,575,916"
Aron Baynes,C,32,BOS,51,821,14.0,0.5670000000000001,0.27399999999999997,0.278,11.4,19.8,15.6,9.3,0.7,3.7,13.8,15.2,1.3,1.1,2.4,0.139,-1.8,0.3,-1.5,0.1,"$5,193,600"
Kent Bazemore,SG,29,ATL,67,1643,11.9,0.507,0.434,0.253,2.3,14.6,8.3,13.5,2.5,2.2,13.6,22.0,-0.7,1.4,0.7,0.021,-2.5,0.2,-2.3,-0.1,"$18,089,888"
Bradley Beal,SG,25,WAS,82,3028,20.8,0.581,0.37,0.278,3.1,11.7,7.4,24.1,1.9,1.6,11.0,28.4,5.9,1.7,7.6,0.12,3.8,-0.8,2.9,3.7,"$25,434,262"
Malik Beasley,SG,22,DEN,81,1879,14.2,0.599,0.55,0.09,2.0,9.5,5.8,7.5,1.4,0.5,6.7,18.7,2.9,1.6,4.5,0.115,0.8,-0.7,0.1,1.0,"$1,773,840"
Michael Beasley,PF,30,LAL,26,277,15.9,0.532,0.111,0.255,4.9,17.2,11.2,14.8,1.5,3.0,13.7,29.5,-0.1,0.4,0.2,0.039,-1.9,0.5,-1.5,0.0,"$3,500,000"
Marco Belinelli,SG,32,SAS,79,1815,11.9,0.557,0.5720000000000001,0.18,1.0,10.8,5.9,10.1,0.9,0.4,8.8,19.8,1.4,1.1,2.5,0.065,-0.5,-1.2,-1.7,0.1,"$6,153,846"
Jordan Bell,C,24,GSW,68,788,12.9,0.531,0.01,0.214,7.8,16.7,12.5,12.3,1.2,5.4,16.7,13.7,0.5,1.1,1.6,0.096,-2.2,1.3,-0.9,0.2,"$1,378,242"
Dragan Bender,PF,21,PHO,46,826,9.5,0.521,0.513,0.27399999999999997,4.5,20.3,12.3,9.4,1.0,2.2,14.4,13.4,0.0,0.4,0.5,0.027000000000000003,-3.4,-0.8,-4.1,-0.5,"$4,661,280"
Patrick Beverley,PG,30,LAC,78,2137,11.8,0.561,0.591,0.258,3.9,15.0,9.6,18.4,1.5,1.6,13.8,12.2,2.8,2.0,4.8,0.10800000000000001,-0.3,1.2,0.9,1.5,"$5,027,028"
Khem Birch,C,26,ORL,50,643,19.2,0.64,0.006999999999999999,0.55,13.0,18.8,15.8,8.5,1.4,3.8,9.6,14.1,1.8,1.0,2.8,0.212,0.1,1.0,1.2,0.5,"$1,378,242"
Bismack Biyombo,C,26,CHO,54,783,14.4,0.602,0.0,0.583,11.0,23.3,17.0,5.9,0.7,4.6,14.8,12.7,1.2,0.8,2.0,0.125,-2.4,0.0,-2.5,-0.1,"$17,000,000"
Nemanja Bjelica,PF,30,SAC,77,1788,15.4,0.585,0.433,0.155,7.0,18.8,12.8,11.1,1.4,2.7,11.5,16.5,2.7,1.9,4.5,0.122,0.4,0.5,0.9,1.3,"$6,500,000"
Antonio Blakeney,SG,22,CHI,57,829,10.6,0.48700000000000004,0.23,0.192,0.9,13.1,6.9,8.2,0.7,0.9,7.5,24.5,-0.8,0.3,-0.5,-0.03,-2.4,-2.7,-5.2,-0.7,"$1,349,383"
Eric Bledsoe,PG,29,MIL,78,2272,19.3,0.5770000000000001,0.38799999999999996,0.243,3.9,11.8,8.1,27.4,2.4,1.1,13.3,22.9,4.4,3.7,8.2,0.17300000000000001,1.9,1.2,3.1,2.9,"$15,000,000"
Jaron Blossomgame,SF,25,CLE,27,439,10.2,0.51,0.368,0.12300000000000001,6.3,19.1,12.4,4.2,0.8,1.6,9.0,12.2,0.2,0.1,0.3,0.03,-1.9,-1.8,-3.8,-0.2,"$77,250"
Andrew Bogut,C,34,GSW,11,134,13.4,0.523,0.0,0.083,10.0,32.8,21.9,10.6,1.1,5.0,17.7,14.5,0.1,0.2,0.3,0.111,-3.7,0.8,-2.9,0.0,"$486,892"
Jonah Bolden,PF,23,PHI,44,639,12.7,0.595,0.593,0.16699999999999998,8.0,19.0,13.7,8.5,1.3,4.8,17.2,13.8,0.5,0.9,1.4,0.106,-1.8,1.1,-0.7,0.2,"$1,690,000"
Isaac Bonga,PG,19,LAL,22,120,6.0,0.24,0.242,0.455,7.9,13.5,10.8,14.9,3.5,2.7,13.2,15.7,-0.3,0.2,-0.1,-0.059000000000000004,-7.0,2.2,-4.8,-0.1,"$1,000,000"
Devin Booker,SG,22,PHO,64,2242,20.2,0.584,0.33,0.36200000000000004,1.9,11.3,6.5,34.1,1.2,0.5,15.4,32.9,3.3,0.3,3.5,0.076,3.3,-2.3,1.0,1.7,"$3,314,365"
Chris Boucher,PF,26,TOR,28,163,22.2,0.563,0.48700000000000004,0.19699999999999998,10.9,25.8,18.5,1.9,1.8,12.2,7.8,23.6,0.2,0.4,0.7,0.19399999999999998,-0.2,2.8,2.6,0.2,"$457,418"
Avery Bradley,SG,28,TOT,63,1905,7.6,0.496,0.40299999999999997,0.08199999999999999,2.5,7.3,4.9,11.8,1.0,0.7,12.4,16.2,-0.6,1.0,0.3,0.009000000000000001,-2.8,-0.9,-3.7,-0.8,"$12,000,000"
Avery Bradley,SG,28,LAC,49,1463,5.5,0.46399999999999997,0.41,0.06,2.6,6.7,4.7,8.8,0.9,0.9,12.4,14.2,-1.0,0.6,-0.3,-0.011000000000000001,-3.7,-0.9,-4.6,-1.0,"$12,000,000"
Avery Bradley,SG,28,MEM,14,442,14.5,0.565,0.38799999999999996,0.133,2.0,9.3,5.6,21.6,1.6,0.0,12.3,22.9,0.3,0.4,0.7,0.07400000000000001,0.1,-1.0,-0.9,0.1,"$12,000,000"
Tony Bradley,C,21,UTA,3,36,19.6,0.504,0.0,0.125,27.6,17.7,22.6,4.5,2.7,4.4,15.1,23.6,0.0,0.1,0.1,0.13,-3.6,-2.4,-6.0,0.0,"$1,679,520"
Corey Brewer,SF,32,TOT,31,492,11.6,0.532,0.358,0.35,5.4,10.7,8.0,10.2,3.0,1.2,11.8,13.6,0.4,0.6,1.0,0.095,-2.9,1.6,-1.3,0.1,"$2,559,925"
Corey Brewer,SF,32,PHI,7,140,10.8,0.484,0.28600000000000003,0.265,3.1,9.6,6.4,10.0,4.0,1.1,12.8,18.8,-0.1,0.2,0.1,0.044000000000000004,-5.1,1.5,-3.6,-0.1,"$2,559,925"
Corey Brewer,SF,32,SAC,24,352,12.0,0.562,0.405,0.405,6.3,11.1,8.6,10.3,2.6,1.2,11.2,11.5,0.5,0.4,0.8,0.115,-2.0,1.6,-0.4,0.1,"$2,559,925"
Mikal Bridges,SF,22,PHO,82,2417,10.8,0.556,0.556,0.21,2.5,9.7,6.0,9.8,2.5,1.3,10.2,12.2,1.7,1.2,2.9,0.057999999999999996,-2.0,0.4,-1.6,0.3,"$3,557,400"
Miles Bridges,SF,20,CHO,80,1696,13.1,0.5479999999999999,0.391,0.151,4.2,16.6,10.3,8.1,1.6,2.5,8.4,15.1,1.4,1.5,2.9,0.083,-0.9,0.1,-0.8,0.5,"$3,206,640"
Isaiah Briscoe,PG,22,ORL,39,559,6.7,0.455,0.24600000000000002,0.188,0.9,13.4,7.1,21.0,1.0,0.3,17.2,14.1,-0.3,0.5,0.3,0.023,-5.4,0.4,-5.0,-0.4,"$838,464"
Ryan Broekhoff,SG,28,DAL,42,453,10.7,0.621,0.738,0.151,1.9,12.9,7.4,7.2,0.6,0.8,10.6,14.3,0.5,0.3,0.8,0.086,-0.5,-0.5,-1.0,0.1,"$838,464"
Malcolm Brogdon,SG,26,MIL,64,1832,17.8,0.614,0.326,0.203,3.8,11.7,8.0,16.2,1.2,0.6,10.0,20.7,4.2,2.3,6.5,0.171,2.0,0.1,2.2,1.9,"$1,544,951"
Dillon Brooks,SF,23,MEM,18,330,7.6,0.499,0.32799999999999996,0.24600000000000002,3.0,7.6,5.3,7.6,1.5,1.1,12.3,20.9,-0.3,0.3,0.0,-0.004,-5.0,-1.2,-6.3,-0.4,"$1,378,242"
MarShon Brooks,SG,30,MEM,29,387,11.6,0.518,0.32,0.195,3.4,9.7,6.5,11.0,1.2,1.0,10.3,23.6,-0.2,0.3,0.1,0.018000000000000002,-1.9,-1.1,-3.0,-0.1,"$1,656,092"
Bruce Brown,SG,22,DET,74,1449,6.9,0.469,0.29600000000000004,0.191,3.5,10.7,7.0,8.8,1.4,2.1,11.9,11.5,-0.1,1.6,1.5,0.048,-4.4,1.0,-3.3,-0.5,"$838,464"
Jaylen Brown,SG,22,BOS,74,1913,13.5,0.547,0.348,0.255,3.6,13.9,8.7,7.7,1.7,1.5,10.1,22.1,0.7,2.4,3.0,0.076,-1.6,-0.4,-2.1,0.0,"$5,169,960"
Lorenzo Brown,PG,28,TOR,26,212,6.3,0.38,0.39399999999999996,0.042,2.6,12.9,7.9,17.3,2.7,2.0,18.1,17.9,-0.5,0.3,-0.1,-0.027000000000000003,-5.4,1.9,-3.5,-0.1,"$800,000"
Sterling Brown,SG,23,MIL,58,1034,10.9,0.563,0.47100000000000003,0.135,3.0,14.4,9.0,10.7,1.1,0.7,12.2,15.2,0.7,1.4,2.1,0.098,-1.8,0.3,-1.5,0.1,"$1,378,242"
Jalen Brunson,PG,22,DAL,73,1591,12.8,0.5489999999999999,0.32,0.212,1.7,9.6,5.7,22.6,1.1,0.2,12.5,19.1,1.5,1.0,2.6,0.077,-1.2,-0.5,-1.7,0.1,"$1,230,000"
Thomas Bryant,C,21,WAS,72,1496,21.0,0.674,0.19699999999999998,0.273,8.1,25.1,16.5,9.3,0.8,3.8,9.6,17.6,4.3,1.3,5.6,0.17800000000000002,2.3,-0.3,2.0,1.5,"$1,378,242"
Reggie Bullock,SG,27,TOT,63,1879,10.5,0.563,0.662,0.14300000000000002,1.2,8.8,4.9,10.1,1.0,0.5,9.3,15.8,1.6,1.4,3.1,0.078,-0.7,-0.4,-1.1,0.4,"$2,500,000"
Reggie Bullock,SG,27,DET,44,1355,11.0,0.569,0.667,0.145,1.6,8.6,5.0,12.0,0.9,0.3,10.3,16.7,1.4,1.0,2.4,0.084,-0.1,-0.5,-0.6,0.5,"$2,500,000"
Reggie Bullock,SG,27,LAL,19,524,9.1,0.545,0.647,0.13699999999999998,0.4,9.3,4.9,5.0,1.4,1.1,6.3,13.7,0.2,0.4,0.7,0.061,-2.1,-0.1,-2.2,0.0,"$2,500,000"
Trey Burke,PG,26,TOT,58,1125,16.5,0.524,0.29,0.226,2.6,6.7,4.6,24.1,1.4,0.5,7.5,24.8,1.4,0.5,1.9,0.081,1.5,-1.4,0.1,0.6,"$1,795,015"
Trey Burke,PG,26,NYK,33,689,15.6,0.496,0.24,0.209,2.2,7.3,4.7,23.6,1.5,0.6,6.9,26.1,0.4,0.2,0.6,0.044000000000000004,0.9,-1.5,-0.6,0.2,"$1,795,015"
Trey Burke,PG,26,DAL,25,436,17.9,0.574,0.384,0.258,3.2,5.9,4.5,24.7,1.3,0.4,8.6,22.8,1.0,0.3,1.3,0.14,2.3,-1.1,1.2,0.3,"$1,795,015"
Alec Burks,SG,27,TOT,64,1375,12.7,0.523,0.354,0.297,2.3,17.0,9.4,13.7,1.4,1.3,10.8,19.0,0.7,0.8,1.5,0.052000000000000005,-0.6,-0.7,-1.2,0.3,"$11,536,515"
Alec Burks,SG,27,UTA,17,269,12.4,0.547,0.377,0.33299999999999996,0.8,9.9,5.4,11.2,1.1,1.2,10.3,23.2,0.2,0.3,0.5,0.084,-0.4,-0.2,-0.6,0.1,"$11,536,515"
Alec Burks,SG,27,CLE,34,979,13.2,0.517,0.35,0.28800000000000003,2.8,19.0,10.6,15.0,1.3,1.4,10.7,19.2,0.6,0.3,0.9,0.042,-0.2,-1.2,-1.4,0.1,"$11,536,515"
Alec Burks,SG,27,SAC,13,127,9.0,0.495,0.3,0.25,1.6,16.6,8.9,9.5,2.9,0.7,15.3,8.5,0.0,0.2,0.2,0.062,-3.9,2.8,-1.1,0.0,"$11,536,515"
Deonte Burton,SG,25,OKC,32,240,7.0,0.47,0.32899999999999996,0.146,1.7,10.7,6.0,5.0,1.2,2.8,9.3,16.3,-0.2,0.3,0.1,0.027000000000000003,-4.9,0.6,-4.3,-0.1,"$500,000"
Jimmy Butler,SF-SG,29,TOT,65,2185,20.2,0.5710000000000001,0.213,0.40399999999999997,6.0,10.5,8.3,18.0,2.7,1.4,8.2,22.3,5.4,2.5,7.9,0.17300000000000001,2.8,0.9,3.7,3.2,"$19,841,627"
Jimmy Butler,SG,29,MIN,10,361,22.3,0.579,0.287,0.389,4.7,10.8,7.7,18.2,3.2,2.4,7.1,23.0,1.0,0.4,1.3,0.17600000000000002,4.7,2.2,6.9,0.8,"$19,841,627"
Jimmy Butler,SF,29,PHI,55,1824,19.8,0.569,0.198,0.40700000000000003,6.3,10.4,8.4,18.0,2.6,1.2,8.4,22.1,4.4,2.1,6.6,0.172,2.4,0.7,3.1,2.4,"$19,841,627"
Bruno Caboclo,PF,23,MEM,34,800,12.4,0.5710000000000001,0.578,0.222,5.8,16.5,11.1,9.4,0.9,3.9,13.3,15.9,0.6,0.9,1.5,0.09,-1.1,0.1,-1.1,0.2,"$705,361"
Kentavious Caldwell-Pope,SG,25,LAL,82,2035,12.9,0.568,0.575,0.209,2.5,9.4,6.0,7.5,1.7,0.5,7.3,18.1,2.3,1.8,4.0,0.095,-0.3,-0.1,-0.5,0.8,"$12,000,000"
Isaiah Canaan,PG,27,TOT,30,629,8.0,0.518,0.585,0.146,1.0,9.2,5.1,18.2,1.1,0.3,16.7,14.2,0.0,0.1,0.1,0.008,-2.7,-1.4,-4.1,-0.3,"$744,671"
Isaiah Canaan,PG,27,PHO,19,503,7.3,0.515,0.5579999999999999,0.155,1.1,9.8,5.4,17.0,1.1,0.0,17.4,14.2,-0.1,0.0,-0.1,-0.006999999999999999,-3.3,-1.4,-4.6,-0.3,"$744,671"
Isaiah Canaan,PG,27,MIN,7,95,12.3,0.536,0.655,0.138,0.0,5.7,2.8,26.9,1.0,0.9,11.5,15.4,0.1,0.0,0.2,0.079,0.7,-2.0,-1.3,0.0,"$744,671"
Isaiah Canaan,PG,27,MIL,4,31,5.2,0.5,0.833,0.0,3.5,9.3,6.6,11.6,0.0,2.7,25.0,10.8,0.0,0.0,0.0,0.03,-3.3,-0.7,-4.0,0.0,"$744,671"
Clint Capela,C,24,HOU,67,2249,23.8,0.6579999999999999,0.0,0.35700000000000004,14.4,27.6,20.8,7.1,1.0,3.9,10.0,18.2,7.8,3.0,10.8,0.23,3.3,-0.3,3.0,2.8,"$15,793,104"
DeMarre Carroll,PF,32,BRK,67,1703,12.1,0.546,0.539,0.42100000000000004,4.2,17.3,10.8,7.2,0.9,0.5,9.7,18.6,1.5,1.6,3.1,0.08800000000000001,-0.9,-0.6,-1.5,0.2,"$15,400,000"
Jevon Carter,PG,23,MEM,39,577,7.8,0.43200000000000005,0.551,0.17300000000000001,2.7,10.3,6.4,17.4,2.2,1.8,14.2,18.0,-0.7,0.7,0.0,-0.003,-4.1,0.1,-4.0,-0.3,"$838,464"
Vince Carter,PF,42,ATL,76,1330,11.8,0.565,0.675,0.141,2.4,13.2,7.7,9.3,1.5,1.8,8.8,16.7,1.2,0.7,1.9,0.07,-0.4,-0.3,-0.7,0.5,"$2,393,887"
Michael Carter-Williams,PG,27,TOT,28,372,14.7,0.45799999999999996,0.309,0.431,5.4,15.0,10.1,26.5,2.6,3.4,12.0,19.4,0.2,0.6,0.8,0.099,-1.4,2.2,0.8,0.3,"$1,468,082"
Michael Carter-Williams,PG,27,HOU,16,145,12.7,0.47600000000000003,0.311,0.426,2.2,7.8,5.0,22.7,3.0,3.5,12.1,24.7,0.0,0.2,0.1,0.044000000000000004,-2.8,1.2,-1.6,0.0,"$1,468,082"
Michael Carter-Williams,PG,27,ORL,12,227,16.1,0.44,0.306,0.435,7.4,19.6,13.5,28.9,2.4,3.3,11.9,16.1,0.2,0.4,0.6,0.134,-0.5,2.9,2.4,0.3,"$1,468,082"
Alex Caruso,PG,24,LAL,25,531,13.9,0.569,0.289,0.37,4.0,9.0,6.5,19.7,2.1,1.4,17.3,19.0,0.5,0.6,1.0,0.09300000000000001,-1.0,0.7,-0.2,0.2,"$77,250"
Omri Casspi,SF,30,MEM,36,520,15.7,0.606,0.267,0.36,3.6,21.5,12.4,8.1,1.9,1.6,11.0,18.0,0.6,0.7,1.3,0.11900000000000001,-0.3,0.7,0.4,0.3,"$2,176,260"
Willie Cauley-Stein,C,25,SAC,81,2213,18.0,0.5660000000000001,0.003,0.34299999999999997,8.2,23.7,15.8,12.3,2.0,2.0,9.0,17.5,3.8,2.9,6.7,0.146,0.2,1.1,1.2,1.8,"$4,696,874"
Troy Caupain,PG,23,ORL,4,16,30.7,0.625,0.375,0.0,6.6,13.6,10.0,42.5,3.1,0.0,0.0,21.8,0.1,0.0,0.1,0.34700000000000003,9.6,3.7,13.3,0.1,"$77,250"
Tyler Cavanaugh,PF,24,UTA,11,39,5.0,0.414,0.5,0.2,8.5,13.6,11.1,3.4,0.0,0.0,8.4,13.0,0.0,0.0,0.0,0.026000000000000002,-5.3,-3.1,-8.4,-0.1,"$77,250"
Tyson Chandler,C,36,TOT,55,875,11.2,0.63,0.01,0.879,11.1,25.3,18.3,5.3,1.1,2.2,23.4,8.5,0.9,1.2,2.1,0.114,-2.9,0.8,-2.1,0.0,"$13,585,000"
Tyson Chandler,C,36,PHO,7,89,11.5,0.653,0.0,1.5,8.6,40.5,24.3,9.1,1.1,0.9,26.0,13.0,0.1,0.1,0.2,0.092,-4.8,0.2,-4.6,-0.1,"$13,585,000"
Tyson Chandler,C,36,LAL,48,786,11.2,0.626,0.011000000000000001,0.7929999999999999,11.4,23.6,17.6,4.8,1.1,2.3,23.0,8.0,0.9,1.1,1.9,0.11699999999999999,-2.7,0.9,-1.8,0.0,"$13,585,000"
Wilson Chandler,PF-SF,31,TOT,51,1177,8.5,0.537,0.579,0.092,4.4,14.6,9.7,9.1,1.0,1.4,13.9,11.8,0.5,1.0,1.5,0.062,-2.3,-0.5,-2.8,-0.2,"$12,800,562"
Wilson Chandler,PF,31,PHI,36,951,9.1,0.561,0.57,0.087,5.0,13.4,9.4,9.9,1.1,1.5,15.4,11.2,0.6,0.9,1.5,0.07400000000000001,-1.8,-0.2,-2.0,0.0,"$12,800,562"
Wilson Chandler,SF,31,LAC,15,226,5.8,0.46299999999999997,0.606,0.106,1.9,19.5,11.0,5.9,0.6,1.1,9.2,14.2,-0.1,0.2,0.0,0.009000000000000001,-4.5,-1.6,-6.1,-0.2,"$12,800,562"
Joe Chealey,PG,23,CHO,1,8,2.0,0.33299999999999996,0.0,0.0,0.0,0.0,0.0,17.7,0.0,0.0,0.0,16.2,0.0,0.0,0.0,-0.08,-8.5,-6.0,-14.6,0.0,"$77,250"
Chris Chiozza,PG,23,HOU,7,33,7.0,0.375,0.625,0.0,3.3,10.3,6.7,16.1,1.5,2.6,11.1,11.8,0.0,0.0,0.0,0.023,-2.7,1.4,-1.3,0.0,"$137,374"
Marquese Chriss,PF,21,TOT,43,499,9.2,0.455,0.4,0.25,8.6,23.6,15.8,6.5,1.7,1.9,15.3,20.6,-0.6,0.4,-0.2,-0.023,-5.7,-1.9,-7.5,-0.7,"$3,206,160"
Marquese Chriss,PF,21,HOU,16,104,3.4,0.391,0.441,0.20600000000000002,7.3,22.8,14.9,8.2,0.9,3.3,24.4,20.5,-0.3,0.1,-0.2,-0.10099999999999999,-9.6,-1.7,-11.2,-0.2,"$3,206,160"
Marquese Chriss,PF,21,CLE,27,395,10.7,0.47,0.39,0.26,8.9,23.8,16.0,6.1,1.9,1.5,12.9,20.7,-0.3,0.2,0.0,-0.003,-4.6,-1.9,-6.6,-0.5,"$3,206,160"
Gary Clark,PF,24,HOU,51,641,9.2,0.48,0.914,0.046,4.1,16.2,10.0,3.8,1.5,3.5,4.3,10.9,0.3,0.7,1.0,0.071,-1.1,0.4,-0.7,0.2,"$674,122"
Ian Clark,SG,27,NOP,60,973,8.3,0.502,0.527,0.09699999999999999,1.4,8.0,4.7,12.9,1.1,0.7,12.7,19.3,-0.4,0.3,-0.1,-0.003,-3.3,-1.8,-5.1,-0.8,"$1,757,429"
Jordan Clarkson,SG,26,CLE,81,2214,16.8,0.539,0.377,0.163,3.9,9.9,6.8,15.6,1.3,0.5,9.6,27.6,1.9,-0.1,1.8,0.039,2.1,-2.6,-0.5,0.8,"$12,500,000"
John Collins,PF,21,ATL,61,1829,21.8,0.627,0.19,0.32,12.3,22.1,17.1,11.0,0.6,1.8,11.2,23.7,5.0,1.0,6.0,0.158,2.8,-1.9,0.9,1.3,"$2,299,080"
Zach Collins,C,21,POR,77,1356,13.5,0.562,0.303,0.315,8.8,16.5,12.7,7.1,0.9,3.9,14.5,16.6,1.4,1.5,2.9,0.10400000000000001,-1.5,0.3,-1.2,0.3,"$3,628,920"
Darren Collison,PG,31,IND,76,2143,16.7,0.574,0.294,0.28800000000000003,1.9,9.9,6.0,29.9,2.5,0.4,14.4,17.7,3.9,2.9,6.8,0.153,0.8,1.0,1.8,2.1,"$10,000,000"
Bonzie Colson,SF,23,MIL,8,98,12.9,0.45399999999999996,0.5379999999999999,0.231,8.8,21.5,15.5,4.0,2.4,0.9,6.5,19.6,0.0,0.2,0.2,0.085,-2.6,-0.8,-3.5,0.0,"$77,250"
Mike Conley,PG,31,MEM,70,2342,21.4,0.569,0.38,0.363,1.9,9.7,5.7,33.4,2.0,0.9,9.1,27.3,5.7,2.3,8.0,0.16399999999999998,4.6,0.1,4.7,3.9,"$30,521,115"
Pat Connaughton,SG,26,MIL,61,1261,13.6,0.573,0.5710000000000001,0.114,5.2,15.0,10.4,12.6,1.2,1.7,8.2,13.3,2.0,1.9,3.9,0.149,0.3,0.8,1.2,1.0,"$1,641,000"
Quinn Cook,PG,25,GSW,74,1059,13.1,0.565,0.456,0.059000000000000004,2.3,13.0,7.9,15.2,0.9,0.2,10.0,20.2,1.0,0.8,1.8,0.08199999999999999,-0.5,-1.6,-2.1,0.0,"$1,544,951"
DeMarcus Cousins,C,28,GSW,30,771,21.4,0.562,0.256,0.38799999999999996,6.2,27.0,17.1,20.4,2.5,4.8,14.2,28.1,0.9,1.5,2.4,0.151,0.4,2.6,3.0,1.0,"$5,337,000"
Robert Covington,SF,28,TOT,35,1203,13.3,0.58,0.622,0.24600000000000002,2.5,14.6,8.5,5.2,2.9,3.2,10.5,15.6,0.9,1.6,2.5,0.1,-0.5,2.1,1.6,1.1,"$10,464,092"
Robert Covington,SF,28,PHI,13,440,11.0,0.578,0.6579999999999999,0.19699999999999998,1.7,14.0,8.1,4.3,2.6,4.1,14.8,14.2,0.0,0.7,0.7,0.077,-1.7,2.2,0.5,0.3,"$10,464,092"
Robert Covington,SF,28,MIN,22,763,14.7,0.58,0.604,0.26899999999999996,2.9,14.9,8.8,5.8,3.1,2.7,8.4,16.5,0.9,0.9,1.8,0.114,0.1,2.1,2.2,0.8,"$10,464,092"
Allen Crabbe,SG,26,BRK,43,1133,7.7,0.519,0.6940000000000001,0.15,1.5,12.2,6.9,5.8,1.0,0.9,10.4,16.4,-0.2,1.0,0.8,0.035,-2.4,-0.4,-2.8,-0.2,"$19,332,500"
Torrey Craig,SF,28,DEN,75,1503,10.4,0.547,0.519,0.193,6.4,12.6,9.5,6.3,1.2,2.7,10.1,12.4,1.4,1.7,3.0,0.096,-2.0,0.2,-1.9,0.0,"$2,000,000"
Jamal Crawford,SG,38,PHO,64,1211,11.7,0.522,0.461,0.251,0.7,7.2,3.9,27.7,1.3,0.8,16.9,20.8,0.1,0.0,0.2,0.006,-1.1,-2.8,-3.9,-0.6,"$4,698,113"
Mitch Creek,SF,26,TOT,5,48,20.2,0.55,0.125,0.43799999999999994,13.2,13.1,13.2,18.6,2.0,0.0,5.0,17.6,0.1,0.0,0.2,0.196,2.4,1.1,3.5,0.1,"$56,845"
Mitch Creek,SF,26,BRK,4,36,21.5,0.573,0.1,0.7,14.6,14.5,14.6,20.2,1.3,0.0,0.0,15.3,0.2,0.0,0.2,0.258,3.7,2.0,5.7,0.1,"$56,845"
Mitch Creek,SF,26,MIN,1,12,16.3,0.5,0.16699999999999998,0.0,8.8,9.0,8.9,13.6,4.0,0.0,14.3,24.5,0.0,0.0,0.0,0.011000000000000001,-1.7,-1.3,-3.0,0.0,"$56,845"
Jae Crowder,SF,28,UTA,80,2166,12.1,0.5379999999999999,0.655,0.247,3.1,15.9,9.6,8.9,1.4,1.1,8.8,19.1,1.3,3.1,4.4,0.09699999999999999,-0.3,0.6,0.3,1.2,"$7,305,825"
Dante Cunningham,PF,31,SAS,64,928,10.2,0.585,0.41100000000000003,0.114,5.7,16.3,11.0,6.8,1.4,1.2,11.7,8.9,1.0,0.9,1.9,0.09699999999999999,-1.3,0.6,-0.6,0.3,"$2,487,000"
Seth Curry,SG,28,POR,74,1399,11.4,0.595,0.54,0.11199999999999999,2.1,6.9,4.6,6.5,1.2,0.7,11.1,16.6,1.5,0.9,2.4,0.08199999999999999,-0.4,-0.7,-1.0,0.3,"$2,795,000"
Stephen Curry,PG,30,GSW,69,2331,24.4,0.6409999999999999,0.604,0.214,2.2,14.2,8.4,24.2,1.9,0.9,11.6,30.4,7.2,2.5,9.7,0.19899999999999998,7.1,-0.5,6.6,5.1,"$37,457,154"
Troy Daniels,SG,27,PHO,51,760,9.8,0.5579999999999999,0.705,0.084,1.9,8.9,5.3,5.0,1.6,0.5,8.7,17.6,0.2,0.1,0.3,0.02,-1.7,-2.0,-3.7,-0.3,"$3,258,539"
Anthony Davis,C,25,NOP,56,1850,30.3,0.597,0.141,0.42200000000000004,9.9,27.5,18.8,19.0,2.2,6.0,8.4,29.5,6.4,3.1,9.5,0.247,7.1,2.3,9.4,5.3,"$25,434,263"
Deyonta Davis,C,22,ATL,9,118,15.6,0.682,0.045,0.455,8.7,23.7,16.0,5.8,1.2,3.7,10.2,10.1,0.3,0.1,0.4,0.145,-1.5,-0.6,-2.0,0.0,"$1,741,503"
Ed Davis,C,29,BRK,81,1446,17.3,0.632,0.006999999999999999,0.536,15.8,34.6,25.2,6.0,1.2,1.8,14.6,12.7,3.3,2.5,5.7,0.191,-0.6,0.7,0.0,0.7,"$4,449,000"
Tyler Davis,C,21,OKC,1,1,0.0,0.0,0.0,0.0,100.0,0.0,51.6,0.0,0.0,0.0,0.0,40.7,0.0,0.0,0.0,-0.47100000000000003,-9.6,-31.1,-40.7,0.0,"$77,250"
Dewayne Dedmon,C,29,ATL,64,1609,16.0,0.602,0.413,0.215,6.7,25.0,15.7,8.1,2.0,3.8,12.7,16.7,2.1,1.9,4.0,0.11900000000000001,-0.3,0.8,0.5,1.0,"$6,300,000"
Sam Dekker,PF,24,TOT,47,788,13.3,0.519,0.242,0.18,7.2,13.5,10.2,8.3,2.3,0.7,8.0,16.2,0.6,0.5,1.0,0.064,-1.0,-0.7,-1.8,0.1,"$2,760,094"
Sam Dekker,PF,24,CLE,9,169,14.0,0.544,0.271,0.20800000000000002,5.7,16.5,10.8,7.9,3.2,0.0,8.7,14.9,0.2,0.1,0.3,0.08,-0.9,-0.1,-1.1,0.0,"$2,760,094"
Sam Dekker,PF,24,WAS,38,619,13.2,0.514,0.23600000000000002,0.17300000000000001,7.6,12.6,10.1,8.4,2.1,1.0,7.8,16.6,0.4,0.4,0.8,0.059000000000000004,-1.0,-0.9,-1.9,0.0,"$2,760,094"
Matthew Dellavedova,PG,28,TOT,48,812,11.1,0.532,0.537,0.215,0.8,9.9,5.2,31.9,0.8,0.2,20.4,17.9,0.5,0.0,0.5,0.027999999999999997,-1.7,-2.8,-4.4,-0.5,"$9,607,500"
Matthew Dellavedova,PG,28,MIL,12,97,7.5,0.48200000000000004,0.579,0.21100000000000002,0.0,9.9,5.2,35.7,1.0,0.0,34.6,13.7,0.0,0.1,0.1,0.043,-3.5,-0.6,-4.1,-0.1,"$9,607,500"
Matthew Dellavedova,PG,28,CLE,36,715,11.5,0.537,0.534,0.215,0.9,9.9,5.2,31.3,0.8,0.2,18.9,18.4,0.5,-0.1,0.4,0.026000000000000002,-1.4,-3.0,-4.5,-0.4,"$9,607,500"
Luol Deng,SF,33,MIN,22,392,14.6,0.588,0.373,0.297,5.4,14.6,10.0,6.5,1.8,1.7,9.5,15.8,0.5,0.3,0.8,0.10099999999999999,0.2,-0.3,0.0,0.2,"$16,747,954"
DeMar DeRozan,SG,29,SAS,77,2688,19.6,0.542,0.034,0.336,2.2,16.4,9.4,27.6,1.6,1.1,11.7,27.9,3.6,2.6,6.3,0.11199999999999999,1.0,0.1,1.1,2.2,"$27,739,975"
Marcus Derrickson,PF,22,GSW,11,67,19.4,0.653,0.606,0.152,13.3,7.6,10.4,2.2,0.0,1.3,7.9,24.4,0.2,0.0,0.2,0.155,2.6,-5.3,-2.7,0.0,"$77,250"
Cheick Diallo,PF,22,NOP,64,896,17.5,0.644,0.015,0.247,8.8,29.3,19.2,5.1,1.5,3.0,14.0,16.0,1.4,1.2,2.6,0.14,-1.1,0.1,-0.9,0.2,"$1,544,951"
Hamidou Diallo,SG,20,OKC,51,526,10.1,0.49700000000000005,0.145,0.358,7.2,12.0,9.5,4.4,1.9,1.6,10.7,16.6,0.1,0.7,0.8,0.069,-4.4,0.2,-4.2,-0.3,"$838,464"
Gorgui Dieng,C,29,MIN,76,1031,18.1,0.5720000000000001,0.149,0.281,8.3,24.1,16.1,10.3,2.2,3.4,11.9,19.6,1.5,1.3,2.8,0.132,-0.3,0.9,0.6,0.7,"$15,170,787"
Spencer Dinwiddie,PG,25,BRK,68,1914,16.3,0.58,0.447,0.43,1.4,7.6,4.6,25.6,1.0,0.7,13.4,24.9,3.5,1.4,4.8,0.121,1.4,-0.8,0.6,1.3,"$1,656,092"
Donte DiVincenzo,SG,22,MIL,27,411,9.1,0.507,0.669,0.09699999999999999,4.2,11.4,8.0,9.7,1.5,1.2,12.8,15.1,0.0,0.6,0.6,0.069,-2.8,0.6,-2.2,0.0,"$2,484,360"
Tyler Dorsey,SG,22,TOT,48,698,11.2,0.509,0.5,0.231,4.2,13.7,8.9,12.4,1.0,0.3,8.5,19.7,0.2,0.4,0.6,0.043,-1.4,-2.1,-3.5,-0.3,"$1,378,242"
Tyler Dorsey,SG,22,ATL,27,251,7.8,0.44799999999999995,0.43799999999999994,0.292,3.7,14.6,9.0,9.3,1.3,0.3,9.1,17.9,-0.2,0.1,-0.1,-0.01,-3.4,-1.5,-4.9,-0.2,"$1,378,242"
Tyler Dorsey,SG,22,MEM,21,447,13.1,0.541,0.531,0.2,4.4,13.3,8.8,14.2,0.8,0.2,8.2,20.7,0.4,0.3,0.7,0.073,-0.3,-2.4,-2.7,-0.1,"$1,378,242"
Damyean Dotson,SG,24,NYK,73,2004,10.8,0.526,0.49,0.14,1.7,12.2,6.8,10.4,1.4,0.4,8.7,17.3,0.7,0.9,1.5,0.037000000000000005,-1.7,-0.9,-2.6,-0.3,"$1,378,242"
PJ Dozier,SG,22,BOS,6,51,16.0,0.434,0.381,0.095,12.5,23.1,17.8,13.7,1.9,0.0,0.0,18.5,0.1,0.1,0.1,0.125,-1.3,-0.6,-2.0,0.0,"$77,250"
Andre Drummond,C,25,DET,79,2647,23.4,0.555,0.036000000000000004,0.392,16.8,34.7,25.4,7.2,2.5,4.4,12.4,22.9,4.1,5.9,10.0,0.18100000000000002,1.3,0.8,2.1,2.7,"$25,434,262"
Jared Dudley,PF,33,BRK,59,1220,7.8,0.5539999999999999,0.632,0.192,2.9,10.4,6.7,9.2,1.4,1.0,14.2,10.4,0.6,1.2,1.8,0.07,-2.9,1.1,-1.8,0.1,"$9,530,000"
Kris Dunn,PG,24,CHI,46,1389,12.4,0.484,0.19,0.136,1.5,13.3,7.3,30.0,2.4,1.3,16.2,20.1,-0.5,1.2,0.6,0.022000000000000002,-2.8,0.2,-2.7,-0.2,"$4,221,000"
Kevin Durant,SF,30,GSW,78,2702,24.2,0.631,0.281,0.366,1.4,17.5,9.8,26.2,1.0,2.6,12.3,29.0,8.6,2.9,11.5,0.204,5.4,0.1,5.5,5.1,"$30,000,000"
Trevon Duval,PG,20,MIL,3,6,38.3,0.833,0.33299999999999996,0.0,0.0,16.0,8.5,59.0,0.0,0.0,0.0,20.9,0.1,0.0,0.1,0.537,19.1,5.3,24.4,0.0,"$77,250"
Henry Ellenson,PF,22,TOT,19,259,13.1,0.5379999999999999,0.4,0.263,2.0,25.5,13.4,9.6,1.3,0.7,7.8,19.0,0.2,0.2,0.4,0.077,-1.0,-0.5,-1.5,0.0,"$2,199,311"
Henry Ellenson,PF,22,DET,2,25,14.8,0.551,0.4,0.2,0.0,40.9,19.7,6.2,0.0,0.0,0.0,18.8,0.0,0.0,0.1,0.149,2.1,0.2,2.2,0.0,"$2,199,311"
Henry Ellenson,PF,22,NYK,17,234,12.9,0.536,0.4,0.271,2.2,23.8,12.7,10.0,1.4,0.7,8.6,19.0,0.1,0.2,0.3,0.07,-1.4,-0.5,-1.9,0.0,"$2,199,311"
Wayne Ellington,SG,31,TOT,53,1297,11.8,0.569,0.8140000000000001,0.107,1.1,7.9,4.5,8.3,2.0,0.4,7.7,17.2,1.3,1.4,2.6,0.09699999999999999,-0.3,0.3,0.0,0.7,"$8,653,076"
Wayne Ellington,SG,31,MIA,25,533,10.8,0.547,0.8420000000000001,0.087,1.2,8.2,4.7,7.8,2.2,0.5,6.8,16.5,0.4,0.6,1.0,0.091,-0.7,0.9,0.2,0.3,"$8,653,076"
Wayne Ellington,SG,31,DET,28,764,12.5,0.584,0.795,0.121,1.1,7.7,4.3,8.6,1.9,0.3,8.3,17.7,0.9,0.7,1.6,0.102,0.0,-0.1,-0.1,0.4,"$8,653,076"
Joel Embiid,C,24,PHI,64,2154,26.1,0.593,0.21899999999999997,0.541,8.1,34.0,21.4,18.4,1.0,4.4,13.2,33.3,4.9,3.8,8.7,0.19399999999999998,4.0,0.9,4.9,3.8,"$25,467,250"
James Ennis,SF,28,TOT,58,1230,11.0,0.59,0.531,0.276,5.3,10.9,8.1,4.7,1.6,1.6,9.3,12.7,1.6,1.0,2.6,0.10300000000000001,-1.4,-0.2,-1.5,0.1,"$1,621,415"
James Ennis,SF,28,HOU,40,949,11.3,0.622,0.569,0.275,4.2,9.5,6.8,4.1,2.0,1.4,8.9,11.9,1.4,0.8,2.2,0.11199999999999999,-1.0,0.1,-0.9,0.3,"$1,621,415"
James Ennis,SF,28,PHI,18,281,9.9,0.51,0.434,0.27699999999999997,8.9,15.4,12.2,6.7,0.5,2.0,10.6,15.5,0.2,0.2,0.4,0.071,-2.6,-1.1,-3.7,-0.1,"$1,621,415"
Drew Eubanks,PF,21,SAS,23,113,15.1,0.6459999999999999,0.0,0.5,5.8,26.8,16.4,8.3,0.9,3.7,20.1,15.5,0.1,0.2,0.3,0.12,-1.9,0.7,-1.3,0.0,"$77,250"
Jacob Evans,SG,21,GSW,30,204,3.5,0.374,0.28300000000000003,0.019,3.3,9.5,6.5,13.7,1.2,1.2,17.1,13.5,-0.3,0.2,-0.1,-0.03,-6.9,-1.2,-8.2,-0.3,"$1,646,400"
Jawun Evans,PG,22,TOT,8,65,0.1,0.214,0.214,0.0,1.7,19.0,10.2,19.7,2.2,0.0,30.0,13.2,-0.2,0.0,-0.2,-0.151,-10.4,0.1,-10.3,-0.1,"$1,455,492"
Jawun Evans,PG,22,PHO,7,64,0.7,0.231,0.154,0.0,1.7,19.3,10.4,20.0,2.2,0.0,31.6,12.7,-0.2,0.0,-0.2,-0.139,-9.8,0.5,-9.2,-0.1,"$1,455,492"
Jawun Evans,PG,22,OKC,1,1,-38.1,0.0,1.0,0.0,0.0,0.0,0.0,0.0,0.0,0.0,0.0,40.7,0.0,0.0,0.0,-0.946,-52.4,-29.1,-81.4,0.0,"$1,455,492"
Tyreke Evans,SG,29,IND,69,1402,11.5,0.483,0.327,0.242,2.7,13.0,7.9,17.5,2.0,1.1,13.9,26.4,-1.7,2.0,0.3,0.01,-2.4,-0.3,-2.7,-0.2,"$12,400,000"
Dante Exum,PG,23,UTA,42,664,11.2,0.516,0.257,0.35700000000000004,2.7,8.3,5.5,24.1,1.0,0.6,15.7,21.3,0.2,0.7,1.0,0.069,-2.0,-0.1,-2.1,0.0,"$10,600,000"
Kenneth Faried,C,29,TOT,37,728,21.6,0.622,0.094,0.374,14.4,23.4,18.8,4.6,1.1,2.7,9.7,20.3,2.1,0.9,2.9,0.193,1.3,-1.5,-0.2,0.3,"$14,242,782"
Kenneth Faried,C,29,BRK,12,118,20.5,0.622,0.11900000000000001,0.381,13.4,25.7,19.6,2.8,0.8,2.7,10.9,19.6,0.2,0.2,0.4,0.168,1.5,-1.1,0.4,0.1,"$14,242,782"
Kenneth Faried,C,29,HOU,25,610,21.8,0.622,0.09,0.37200000000000005,14.6,23.0,18.7,4.9,1.2,2.6,9.4,20.4,1.8,0.7,2.5,0.198,1.3,-1.6,-0.4,0.3,"$14,242,782"
Derrick Favors,C,27,UTA,76,1766,21.8,0.624,0.126,0.368,12.9,21.3,17.2,8.0,1.5,4.8,10.5,19.4,4.4,3.5,7.9,0.215,1.8,1.5,3.3,2.4,"$16,900,000"
Raymond Felton,PG,34,OKC,33,379,11.2,0.505,0.452,0.096,1.1,8.4,4.6,18.7,1.2,1.3,9.0,16.6,0.3,0.4,0.7,0.087,-1.7,0.4,-1.3,0.1,"$2,393,887"
Terrance Ferguson,SG,20,OKC,74,1931,6.4,0.5660000000000001,0.6729999999999999,0.11800000000000001,1.7,6.0,3.8,4.8,1.0,0.7,9.4,10.6,1.2,1.6,2.8,0.07,-3.9,0.1,-3.8,-0.9,"$2,118,840"
Yogi Ferrell,PG,25,SAC,71,1067,12.7,0.55,0.423,0.19,1.2,9.5,5.3,17.0,1.6,0.3,9.5,16.3,1.3,0.6,1.9,0.087,-1.0,-0.4,-1.4,0.2,"$3,000,000"
Dorian Finney-Smith,SF,25,DAL,81,1985,11.0,0.53,0.48100000000000004,0.195,7.5,13.4,10.5,6.9,1.7,1.5,11.4,14.0,1.2,2.0,3.3,0.079,-1.8,0.4,-1.4,0.3,"$1,544,951"
Bryn Forbes,SG,25,SAS,82,2293,12.0,0.586,0.522,0.099,0.9,10.4,5.7,10.6,1.0,0.1,8.8,17.4,2.5,1.3,3.8,0.079,-0.3,-0.9,-1.2,0.5,"$3,125,000"
Evan Fournier,SG,26,ORL,81,2553,12.3,0.536,0.42100000000000004,0.159,1.6,9.4,5.4,17.6,1.4,0.4,11.9,22.1,0.8,2.5,3.2,0.061,-1.8,-0.6,-2.4,-0.3,"$17,000,000"
De'Aaron Fox,PG,21,SAC,81,2546,18.1,0.544,0.21100000000000002,0.37799999999999995,1.7,10.8,6.2,33.2,2.4,1.5,15.0,24.5,3.2,2.5,5.6,0.106,1.3,0.2,1.5,2.3,"$5,470,920"
Melvin Frazier,SG,22,ORL,10,44,1.2,0.33,0.28600000000000003,0.19,7.2,4.9,6.1,3.3,1.1,0.0,4.2,23.5,-0.2,0.0,-0.1,-0.133,-11.3,-3.2,-14.5,-0.1,"$1,050,000"
Tim Frazier,PG,28,TOT,59,1120,11.7,0.544,0.387,0.207,3.9,11.5,7.7,27.6,1.2,0.4,21.1,13.3,1.3,0.7,2.0,0.084,-1.4,-0.4,-1.8,0.1,"$1,832,107"
Tim Frazier,PG,28,NOP,47,909,11.6,0.552,0.395,0.21,3.7,11.8,7.8,28.0,1.3,0.4,22.0,12.3,1.1,0.4,1.5,0.081,-1.2,-0.2,-1.3,0.2,"$1,832,107"
Tim Frazier,PG,28,MIL,12,211,11.8,0.523,0.364,0.19699999999999998,4.6,10.0,7.5,26.0,1.1,0.4,18.2,17.4,0.2,0.3,0.4,0.09699999999999999,-2.4,-1.2,-3.6,-0.1,"$1,832,107"
Jimmer Fredette,SG,29,PHO,6,65,3.6,0.348,0.44799999999999995,0.207,1.7,10.4,6.0,17.5,2.2,0.0,13.6,24.2,-0.2,0.0,-0.2,-0.166,-8.4,-2.9,-11.3,-0.2,"$198,579"
Channing Frye,C,35,CLE,36,341,8.9,0.524,0.675,0.12,1.2,16.4,8.5,8.6,0.9,1.3,9.5,17.5,0.1,0.0,0.1,0.016,-1.7,-1.8,-3.5,-0.1,"$2,393,887"
Markelle Fultz,SG,20,PHI,19,427,10.5,0.452,0.09,0.239,6.6,10.6,8.7,19.5,1.9,0.9,12.7,19.3,-0.1,0.4,0.3,0.035,-3.3,0.2,-3.1,-0.1,"$8,339,880"
Danilo Gallinari,SF,30,LAC,68,2059,21.0,0.633,0.42100000000000004,0.45899999999999996,2.9,18.1,10.7,13.2,1.1,0.9,8.5,23.8,6.4,1.8,8.2,0.191,4.9,-0.5,4.3,3.3,"$21,587,579"
Langston Galloway,SG,27,DET,80,1745,10.7,0.534,0.647,0.16399999999999998,3.0,7.9,5.4,7.3,1.0,0.4,3.7,16.1,2.1,1.3,3.4,0.094,-0.9,-0.6,-1.5,0.2,"$7,000,000"
Billy Garrett,SG,24,NYK,4,63,9.8,0.452,0.29600000000000004,0.14800000000000002,0.0,5.1,2.5,18.0,0.8,1.3,6.5,20.9,0.0,0.0,0.0,-0.019,-3.9,-1.7,-5.5,-0.1,"$67,370"
Marc Gasol,C,34,TOT,79,2436,16.7,0.546,0.314,0.29100000000000004,3.6,25.1,14.3,22.2,1.7,3.2,13.6,20.7,2.0,4.0,6.0,0.11800000000000001,0.8,2.3,3.1,3.1,"$24,119,025"
Marc Gasol,C,34,MEM,53,1788,16.9,0.541,0.324,0.294,3.5,25.5,14.3,22.6,1.7,3.3,13.4,22.3,1.0,2.8,3.9,0.10400000000000001,1.1,2.1,3.2,2.3,"$24,119,025"
Marc Gasol,C,34,TOR,26,648,16.0,0.565,0.278,0.278,4.1,24.0,14.3,21.2,1.8,2.9,14.6,16.3,0.9,1.2,2.1,0.157,0.1,2.8,2.9,0.8,"$24,119,025"
Pau Gasol,C,38,TOT,30,360,16.7,0.529,0.138,0.426,6.7,34.2,20.6,19.1,0.7,3.5,12.5,15.6,0.5,0.5,1.1,0.142,1.0,2.1,3.1,0.5,"$17,133,285"
Pau Gasol,C,38,SAS,27,330,18.0,0.544,0.114,0.43200000000000005,7.3,34.4,21.0,20.2,0.7,3.6,11.8,15.8,0.6,0.5,1.1,0.16,1.6,2.3,3.9,0.5,"$17,133,285"
Pau Gasol,C,38,MIL,3,30,1.7,0.29100000000000004,0.5,0.33299999999999996,0.0,31.9,16.9,7.7,0.0,2.8,22.5,12.4,-0.1,0.1,0.0,-0.063,-5.3,0.6,-4.7,0.0,"$17,133,285"
Rudy Gay,PF,32,SAS,69,1842,17.5,0.583,0.247,0.19699999999999998,3.8,23.9,13.9,14.7,1.4,1.6,12.3,22.1,2.2,2.2,4.4,0.115,0.8,0.6,1.4,1.6,"$10,087,200"
Paul George,SF,28,OKC,77,2841,23.3,0.583,0.469,0.335,3.7,19.6,11.4,17.7,2.8,1.0,10.0,29.5,7.0,4.9,11.9,0.201,5.6,1.6,7.2,6.6,"$30,560,700"
Taj Gibson,PF,33,MIN,70,1686,17.8,0.612,0.063,0.33,10.8,18.3,14.5,7.3,1.5,2.0,10.6,17.2,3.7,1.4,5.1,0.14400000000000002,0.3,-0.4,-0.1,0.8,"$14,000,000"
Harry Giles,PF,20,SAC,58,820,14.4,0.526,0.017,0.261,8.1,20.1,14.0,15.2,1.8,2.3,15.8,23.2,0.0,1.0,1.0,0.055999999999999994,-3.4,0.4,-3.0,-0.2,"$2,207,040"
Shai Gilgeous-Alexander,PG,20,LAC,82,2174,13.4,0.5539999999999999,0.19399999999999998,0.272,2.9,8.3,5.7,17.8,2.1,1.6,15.0,18.3,1.5,1.9,3.3,0.07400000000000001,-0.9,0.4,-0.5,0.8,"$3,375,360"
Rudy Gobert,C,26,UTA,81,2577,24.6,0.682,0.0,0.733,13.2,30.2,21.9,9.6,1.2,5.8,12.1,17.8,8.7,5.7,14.4,0.268,3.0,2.5,5.4,4.8,"$23,491,573"
Brandon Goodwin,PG,23,DEN,16,57,8.3,0.413,0.261,0.478,1.9,3.8,2.8,32.1,0.0,0.0,9.7,23.1,0.0,0.0,0.0,0.021,-4.7,-4.8,-9.5,-0.1,"$56,845"
Aaron Gordon,PF,23,ORL,78,2633,15.1,0.5379999999999999,0.332,0.242,5.2,18.4,11.7,16.6,1.1,1.8,12.3,21.8,1.8,3.3,5.1,0.09300000000000001,0.3,0.3,0.6,1.7,"$21,590,909"
Eric Gordon,SG,30,HOU,68,2158,12.2,0.5489999999999999,0.64,0.162,0.9,6.9,3.8,9.4,0.9,1.1,8.2,22.0,1.7,1.0,2.6,0.059000000000000004,0.5,-1.8,-1.3,0.4,"$13,500,375"
Marcin Gortat,C,34,LAC,47,751,12.8,0.562,0.0,0.258,9.8,26.5,18.4,12.0,0.4,2.5,19.4,14.4,0.6,0.8,1.4,0.08900000000000001,-1.7,0.4,-1.3,0.1,"$13,565,218"
Treveon Graham,SG,25,BRK,35,715,6.1,0.45799999999999996,0.67,0.115,3.4,12.3,7.9,6.5,0.9,0.8,7.8,12.8,-0.1,0.6,0.5,0.033,-3.7,0.0,-3.7,-0.3,"$1,512,601"
Jerami Grant,PF,24,OKC,80,2612,13.8,0.5920000000000001,0.35600000000000004,0.26899999999999996,3.7,13.1,8.2,4.2,1.1,3.2,6.8,15.4,4.0,3.3,7.3,0.134,-0.4,0.6,0.2,1.5,"$8,333,333"
Jerian Grant,PG,26,ORL,60,939,10.8,0.526,0.5,0.182,2.1,9.1,5.6,22.4,2.3,0.5,17.7,13.4,0.5,1.1,1.7,0.085,-2.9,1.3,-1.6,0.1,"$2,639,313"
Donte Grantham,SF,23,OKC,3,2,-38.1,0.0,1.0,0.0,0.0,0.0,0.0,0.0,0.0,0.0,0.0,40.7,0.0,0.0,0.0,-0.946,-23.6,-14.0,-37.6,0.0,"$77,250"
Danny Green,SG,31,TOR,80,2216,13.0,0.632,0.69,0.07,3.0,12.2,7.7,7.7,1.6,2.0,10.4,14.1,3.0,2.9,5.9,0.128,1.1,0.8,2.0,2.2,"$10,000,000"
Draymond Green,PF,28,GSW,66,2065,12.9,0.526,0.391,0.21600000000000003,3.2,20.8,12.4,26.8,2.2,2.8,26.8,13.1,1.1,3.2,4.3,0.1,-1.3,2.7,1.4,1.8,"$17,469,565"
Gerald Green,SG,33,HOU,73,1473,11.4,0.555,0.763,0.11800000000000001,2.2,11.7,6.8,4.1,1.1,1.6,8.3,19.5,0.9,1.0,1.9,0.061,-0.2,-1.5,-1.7,0.1,"$1,512,601"
JaMychal Green,PF,28,TOT,65,1371,14.7,0.5870000000000001,0.37,0.212,8.3,24.3,16.4,5.8,1.6,2.3,14.3,19.4,0.9,1.9,2.9,0.10099999999999999,-1.3,-0.4,-1.7,0.1,"$8,066,667"
JaMychal Green,PF,28,MEM,41,900,14.9,0.58,0.308,0.256,8.8,22.8,15.7,6.5,1.8,2.7,15.6,20.4,0.4,1.4,1.8,0.094,-1.8,0.0,-1.8,0.1,"$8,066,667"
JaMychal Green,PF,28,LAC,24,471,14.3,0.6,0.488,0.128,7.4,27.3,17.7,4.3,1.2,1.3,11.7,17.6,0.5,0.6,1.1,0.113,-0.3,-1.2,-1.5,0.1,"$8,066,667"
Jeff Green,PF,32,WAS,77,2097,13.6,0.608,0.466,0.3,2.9,13.3,8.0,9.2,1.0,1.6,11.5,17.8,2.8,0.8,3.6,0.083,0.0,-1.4,-1.4,0.3,"$2,393,887"
Blake Griffin,PF,29,DET,75,2622,21.0,0.581,0.389,0.41,4.0,20.1,11.8,27.1,1.0,0.9,13.8,30.2,5.1,2.9,8.0,0.147,4.9,0.2,5.1,4.7,"$31,873,932"
Daniel Hamilton,SG,23,ATL,19,204,7.1,0.455,0.38299999999999995,0.1,5.0,19.5,12.1,14.5,1.4,0.4,20.3,15.7,-0.2,0.1,-0.1,-0.024,-3.6,-0.5,-4.1,-0.1,"$1,349,383"
Dusty Hannahs,SG,25,MEM,2,26,4.5,0.311,0.41700000000000004,0.16699999999999998,0.0,4.4,2.2,28.8,1.9,0.0,7.2,23.9,-0.1,0.0,-0.1,-0.125,-6.5,-3.2,-9.7,-0.1,"$47,370"
James Harden,PG,29,HOU,78,2867,30.6,0.616,0.539,0.449,2.5,17.8,10.0,39.5,2.7,1.7,14.5,40.5,11.4,3.8,15.2,0.254,9.4,1.6,11.0,9.3,"$30,570,000"
Montrezl Harrell,C,25,LAC,82,2158,23.4,0.636,0.019,0.466,9.3,16.7,13.1,12.5,1.6,4.0,11.0,23.5,6.1,2.6,8.7,0.193,2.6,0.7,3.3,2.9,"$6,000,000"
Devin Harris,PG,35,DAL,68,1071,10.7,0.527,0.5760000000000001,0.386,1.2,9.9,5.6,16.7,1.6,1.3,12.1,18.5,0.6,0.9,1.5,0.068,-2.6,0.4,-2.2,-0.1,"$2,393,887"
Gary Harris,SG,24,DEN,57,1639,12.2,0.526,0.38,0.226,2.7,7.9,5.3,11.0,1.6,1.0,8.9,20.0,1.1,1.5,2.6,0.076,-1.2,-0.4,-1.6,0.2,"$16,517,857"
Joe Harris,SG,27,BRK,76,2293,13.5,0.645,0.516,0.17800000000000002,2.4,10.9,6.7,11.9,0.8,0.6,13.0,17.0,3.8,1.7,5.5,0.11599999999999999,0.8,-0.3,0.5,1.4,"$8,333,333"
Tobias Harris,PF,26,TOT,82,2847,17.2,0.5920000000000001,0.313,0.245,2.6,20.8,12.0,12.5,0.8,1.0,9.8,22.8,4.5,2.6,7.1,0.12,2.1,-0.5,1.6,2.6,"$14,800,000"
Tobias Harris,PF,26,LAC,55,1903,18.2,0.605,0.302,0.256,2.1,21.3,12.0,12.5,1.0,1.0,10.3,23.5,3.2,1.8,5.0,0.127,2.7,-0.2,2.4,2.1,"$14,800,000"
Tobias Harris,PF,26,PHI,27,944,15.3,0.562,0.33799999999999997,0.221,3.7,19.7,11.9,12.6,0.6,1.1,8.8,21.3,1.2,0.9,2.1,0.105,0.9,-1.0,-0.1,0.5,"$14,800,000"
Andrew Harrison,PG,24,TOT,17,187,5.8,0.44299999999999995,0.47200000000000003,0.34,3.4,8.5,5.8,17.1,1.1,0.9,16.5,16.8,-0.1,0.0,-0.1,-0.027000000000000003,-5.8,-1.2,-7.1,-0.2,"$354,500"
Andrew Harrison,PG,24,MEM,1,5,4.6,0.5,0.5,0.0,0.0,0.0,0.0,0.0,0.0,0.0,0.0,17.9,0.0,0.0,0.0,-0.013000000000000001,-11.2,-4.2,-15.4,0.0,"$354,500"
Andrew Harrison,PG,24,CLE,10,144,6.6,0.467,0.359,0.41,3.0,8.9,5.8,16.3,1.4,1.2,17.8,17.0,-0.1,0.0,-0.1,-0.022000000000000002,-5.6,-0.6,-6.2,-0.2,"$354,500"
Andrew Harrison,PG,24,NOP,6,38,3.1,0.349,0.833,0.16699999999999998,5.5,8.1,6.8,22.3,0.0,0.0,13.4,16.1,0.0,0.0,0.0,-0.051,-6.0,-3.2,-9.2,-0.1,"$354,500"
Shaquille Harrison,SG,25,CHI,73,1430,12.4,0.494,0.209,0.289,2.5,14.5,8.4,14.1,3.0,1.8,11.1,16.5,-0.1,1.6,1.4,0.048,-2.8,1.5,-1.3,0.2,"$1,325,531"
Josh Hart,SG,23,LAL,67,1715,9.3,0.526,0.591,0.172,2.2,12.6,7.5,7.0,1.7,1.9,10.4,13.5,0.2,1.9,2.1,0.059000000000000004,-2.3,1.0,-1.3,0.3,"$1,655,160"
Isaiah Hartenstein,PF,20,HOU,28,221,10.0,0.562,0.146,0.341,10.3,13.3,11.8,9.4,1.6,4.6,21.6,11.8,0.2,0.3,0.5,0.10099999999999999,-5.1,1.2,-3.9,-0.1,"$838,464"
Udonis Haslem,C,38,MIA,10,74,3.6,0.36,0.364,0.121,4.3,34.5,19.4,4.0,0.0,0.0,7.9,21.9,-0.2,0.1,-0.1,-0.075,-8.4,-2.4,-10.9,-0.2,"$2,393,887"
Gordon Hayward,PF,28,BOS,72,1863,15.6,0.575,0.364,0.294,2.9,15.5,9.2,18.4,1.6,1.1,12.8,19.0,2.6,2.3,4.9,0.126,0.4,0.4,0.8,1.3,"$31,214,295"
John Henson,C,28,MIL,14,188,17.1,0.5529999999999999,0.46299999999999997,0.149,9.2,28.0,19.2,10.1,1.7,4.9,14.4,18.6,0.1,0.4,0.6,0.146,0.4,2.1,2.5,0.2,"$10,577,466"
Mario Hezonja,SF,23,NYK,58,1206,10.8,0.49700000000000005,0.32799999999999996,0.24600000000000002,2.4,18.7,10.4,11.5,2.3,0.6,14.6,21.3,-1.1,1.1,-0.1,-0.003,-3.5,-0.3,-3.8,-0.5,"$6,500,000"
Isaiah Hicks,PF,24,NYK,3,32,17.4,0.588,0.0,0.625,6.4,16.7,11.4,9.4,1.5,7.9,8.9,15.0,0.1,0.0,0.1,0.153,-2.1,2.2,0.1,0.0,"$77,250"
Buddy Hield,SG,26,SAC,82,2615,17.5,0.5870000000000001,0.479,0.142,4.1,12.4,8.1,11.9,1.0,1.1,9.2,25.1,4.3,1.6,5.9,0.10800000000000001,3.5,-1.4,2.1,2.7,"$3,833,760"
Haywood Highsmith,SF,22,PHI,5,40,4.5,0.414,0.5,0.2,0.0,12.9,6.6,6.6,1.2,0.0,8.4,12.4,0.0,0.0,0.0,-0.023,-5.8,-2.4,-8.2,-0.1,"$77,250"
NenÃª,C,36,HOU,42,546,11.9,0.552,0.026000000000000002,0.405,6.7,18.4,12.5,6.8,1.6,2.3,7.4,11.7,0.8,0.6,1.4,0.12300000000000001,-3.1,0.9,-2.2,0.0,"$3,651,480"
George Hill,PG,32,TOT,60,1302,12.1,0.5539999999999999,0.40700000000000003,0.226,3.2,8.3,5.9,14.0,1.9,0.5,11.0,15.1,1.5,1.3,2.8,0.10300000000000001,-1.9,0.5,-1.4,0.2,"$19,000,000"
George Hill,PG,32,CLE,13,344,13.5,0.604,0.262,0.187,3.7,5.1,4.4,16.2,1.7,0.3,14.7,17.3,0.5,0.0,0.5,0.066,-0.7,-1.2,-2.0,0.0,"$19,000,000"
George Hill,PG,32,MIL,47,958,11.6,0.534,0.465,0.242,3.0,9.4,6.4,13.3,1.9,0.6,9.4,14.4,1.0,1.4,2.3,0.11699999999999999,-2.3,1.1,-1.2,0.2,"$19,000,000"
Solomon Hill,SF,27,NOP,44,878,6.8,0.49700000000000005,0.5670000000000001,0.18,4.1,11.5,7.8,7.6,1.2,0.9,13.9,10.4,0.1,0.4,0.5,0.028999999999999998,-3.1,-0.4,-3.6,-0.3,"$12,763,467"
Aaron Holiday,PG,22,IND,50,646,11.9,0.518,0.485,0.191,0.9,10.4,5.8,19.3,1.6,1.8,12.3,21.9,0.1,0.8,0.9,0.065,-1.7,0.1,-1.6,0.1,"$1,914,480"
Jrue Holiday,SG,28,NOP,67,2402,19.4,0.555,0.313,0.23399999999999999,3.3,11.0,7.2,31.8,2.1,1.8,14.1,25.4,3.5,1.9,5.4,0.10800000000000001,3.1,-0.1,3.0,3.1,"$26,641,111"
Justin Holiday,SG,29,TOT,82,2607,10.0,0.52,0.598,0.136,1.9,11.9,6.8,8.1,2.3,1.2,11.2,15.7,-0.4,2.5,2.1,0.038,-2.3,0.5,-1.8,0.1,"$4,500,000"
Justin Holiday,SG,29,CHI,38,1325,11.0,0.531,0.685,0.11699999999999999,1.5,12.4,6.9,9.1,2.5,1.4,10.2,15.2,0.2,1.1,1.3,0.047,-1.3,1.1,-0.3,0.6,"$4,500,000"
Justin Holiday,SG,29,MEM,44,1282,8.9,0.509,0.509,0.157,2.3,11.3,6.7,7.1,2.1,1.1,12.2,16.3,-0.6,1.4,0.8,0.028999999999999998,-3.3,-0.1,-3.4,-0.5,"$4,500,000"
John Holland,SF,30,CLE,1,1,0.0,,,,0.0,0.0,0.0,0.0,0.0,0.0,,0.0,0.0,0.0,0.0,-0.032,-3.4,-1.6,-5.0,0.0,"$77,250"
Rondae Hollis-Jefferson,SF,24,BRK,59,1234,12.5,0.46399999999999997,0.10099999999999999,0.376,7.1,19.2,13.2,11.7,1.7,1.7,10.7,21.6,-0.5,1.7,1.2,0.047,-3.0,0.4,-2.6,-0.2,"$2,470,356"
Richaun Holmes,C,25,PHO,70,1184,20.7,0.647,0.0,0.479,10.6,20.5,15.5,7.9,1.7,5.6,10.5,17.9,3.1,1.1,4.3,0.17300000000000001,0.1,0.5,0.6,0.8,"$1,600,520"
Rodney Hood,SG,26,TOT,72,1893,12.3,0.545,0.35200000000000004,0.231,1.4,7.9,4.6,10.0,1.5,0.5,6.9,18.1,2.1,0.5,2.6,0.065,-1.2,-0.8,-2.0,0.0,"$3,472,887"
Rodney Hood,SG,26,CLE,45,1234,13.0,0.542,0.335,0.251,1.6,8.8,5.0,11.5,1.5,0.4,6.7,19.1,1.5,0.0,1.5,0.059000000000000004,-1.0,-1.1,-2.1,0.0,"$3,472,887"
Rodney Hood,SG,26,POR,27,659,10.9,0.5489999999999999,0.387,0.18899999999999997,1.2,6.0,3.6,7.1,1.5,0.9,7.5,16.3,0.6,0.5,1.1,0.077,-1.7,-0.3,-2.0,0.0,"$3,472,887"
Al Horford,C,32,BOS,68,1973,20.2,0.605,0.281,0.131,6.5,18.3,12.4,21.2,1.4,3.9,11.8,18.9,4.5,2.9,7.5,0.18100000000000002,3.3,1.9,5.1,3.6,"$28,928,710"
Danuel House,SF,25,HOU,39,979,12.2,0.6459999999999999,0.706,0.282,2.8,13.3,7.9,5.9,1.1,1.0,11.0,14.1,1.6,0.7,2.3,0.113,0.1,-0.5,-0.5,0.4,"$247,827"
Dwight Howard,C,33,WAS,9,230,17.4,0.638,0.0,0.696,11.1,28.3,19.6,2.6,1.4,1.5,15.1,19.6,0.4,0.2,0.6,0.124,-1.3,-1.7,-3.0,-0.1,"$24,256,725"
Kevin Huerter,SG,20,ATL,75,2048,10.1,0.5329999999999999,0.537,0.085,3.0,9.7,6.3,14.5,1.5,1.1,13.8,15.7,0.7,0.7,1.5,0.034,-1.6,-0.8,-2.4,-0.2,"$2,250,960"
Isaac Humphries,C,21,ATL,5,56,3.4,0.35700000000000004,0.524,0.0,7.4,13.4,10.3,0.0,0.8,0.0,0.0,15.2,-0.1,0.0,-0.1,-0.047,-6.2,-4.7,-11.0,-0.1,"$47,370"
Chandler Hutchison,SF,22,CHI,44,895,8.8,0.507,0.239,0.182,3.7,18.9,11.2,5.3,1.2,0.6,10.0,12.2,0.0,0.6,0.6,0.03,-3.4,-0.5,-3.9,-0.4,"$1,991,520"
Serge Ibaka,C,29,TOR,74,2010,18.7,0.5820000000000001,0.193,0.20199999999999999,8.6,23.2,16.1,7.7,0.7,4.3,10.7,22.9,2.8,3.3,6.1,0.146,0.2,0.1,0.2,1.2,"$21,666,667"
Andre Iguodala,SF,35,GSW,68,1578,13.1,0.5870000000000001,0.47700000000000004,0.222,3.4,13.2,8.5,16.8,1.8,2.7,13.6,10.4,2.4,1.8,4.2,0.129,0.1,1.7,1.8,1.5,"$16,000,000"
Joe Ingles,PF,31,UTA,82,2568,13.4,0.581,0.602,0.153,1.5,12.2,7.0,26.1,1.8,0.6,18.4,17.5,2.5,3.6,6.0,0.113,0.3,1.1,1.4,2.2,"$12,545,455"
Andre Ingram,SG,33,LAL,4,15,-11.9,0.0,0.5,0.0,7.0,6.7,6.9,0.0,3.1,0.0,14.3,19.3,-0.1,0.0,-0.1,-0.408,-14.8,-4.8,-19.6,-0.1,"$76,236"
Brandon Ingram,SF,21,LAL,52,1760,13.4,0.555,0.129,0.396,2.5,13.0,7.8,12.9,0.7,1.4,13.1,23.2,0.6,1.4,2.0,0.055,-1.3,-0.7,-2.0,0.0,"$5,757,120"
Kyrie Irving,PG,26,BOS,67,2214,24.3,0.5920000000000001,0.35,0.19699999999999998,3.4,12.7,8.1,35.0,2.2,1.4,11.3,29.6,6.2,2.9,9.1,0.19699999999999998,6.0,1.1,7.2,5.1,"$20,099,189"
Jonathan Isaac,PF,21,ORL,75,1996,13.0,0.537,0.435,0.221,5.2,17.0,11.0,5.7,1.4,4.1,10.1,16.3,0.9,3.1,4.0,0.096,-1.4,1.0,-0.4,0.8,"$4,969,080"
Wesley Iwundu,SF,24,ORL,68,1233,8.7,0.531,0.28800000000000003,0.376,3.2,13.0,8.0,7.9,1.1,1.5,12.1,12.8,0.5,1.4,1.9,0.073,-3.8,0.6,-3.2,-0.4,"$1,378,242"
Demetrius Jackson,PG,24,PHI,6,39,21.0,0.6559999999999999,0.4,0.267,5.6,2.6,4.1,19.6,2.4,0.0,5.6,19.1,0.2,0.0,0.2,0.231,3.6,0.9,4.5,0.1,"$170,107"
Frank Jackson,PG,20,NOP,61,1169,9.4,0.517,0.37799999999999995,0.163,2.2,9.5,5.9,8.0,1.0,0.1,9.1,18.5,0.1,0.4,0.4,0.018000000000000002,-2.9,-1.7,-4.6,-0.8,"$1,378,242"
Josh Jackson,SG,21,PHO,79,1988,10.6,0.48700000000000004,0.268,0.253,3.6,15.9,9.7,14.1,1.8,2.3,15.6,23.9,-2.8,1.1,-1.7,-0.04,-3.3,-1.2,-4.6,-1.3,"$6,041,520"
Justin Jackson,SF,23,TOT,81,1614,11.3,0.561,0.505,0.163,2.8,11.0,6.9,8.1,0.9,0.7,5.3,14.3,2.0,0.9,2.9,0.086,-0.8,-0.8,-1.6,0.2,"$2,807,880"
Justin Jackson,SF,23,SAC,52,1083,10.1,0.546,0.539,0.16899999999999998,2.3,11.8,6.9,8.0,1.0,1.0,6.5,12.9,1.0,0.6,1.6,0.07200000000000001,-1.3,-0.5,-1.9,0.0,"$2,807,880"
Justin Jackson,SF,23,DAL,29,531,13.9,0.584,0.45299999999999996,0.153,3.9,9.4,6.7,8.4,0.8,0.2,3.3,17.0,1.0,0.3,1.3,0.114,0.4,-1.4,-1.0,0.1,"$2,807,880"
Reggie Jackson,PG,28,DET,82,2289,15.2,0.547,0.45,0.225,2.1,8.5,5.2,24.7,1.2,0.3,11.4,24.5,3.1,1.9,5.0,0.105,1.3,-0.9,0.4,1.4,"$17,043,478"
LeBron James,SF,34,LAL,55,1937,25.6,0.588,0.299,0.382,3.1,21.3,12.4,39.4,1.7,1.4,13.3,31.6,4.7,2.6,7.2,0.179,6.4,1.7,8.0,4.9,"$35,654,150"
Amile Jefferson,PF,25,ORL,12,68,21.1,0.6920000000000001,0.0,0.5,9.3,24.0,16.5,6.4,2.2,3.7,4.9,13.1,0.2,0.1,0.4,0.258,0.5,2.0,2.5,0.1,"$77,250"
John Jenkins,SG,27,TOT,26,333,9.7,0.536,0.552,0.171,1.8,10.0,5.8,9.9,0.0,0.5,7.4,15.7,0.2,0.0,0.2,0.031,-1.0,-2.4,-3.4,-0.1,"$585,809"
John Jenkins,SG,27,WAS,4,14,20.5,1.5,1.0,0.0,0.0,7.9,3.9,9.9,0.0,0.0,0.0,6.1,0.1,0.0,0.1,0.20199999999999999,7.6,-1.0,6.6,0.0,"$585,809"
John Jenkins,SG,27,NYK,22,319,9.3,0.518,0.544,0.175,1.9,10.1,5.9,9.9,0.0,0.5,7.5,16.1,0.2,0.0,0.2,0.024,-1.4,-2.5,-3.9,-0.2,"$585,809"
Jonas Jerebko,PF,31,GSW,73,1218,13.5,0.588,0.53,0.225,6.6,18.1,12.6,10.1,1.1,1.2,9.9,15.2,2.1,1.2,3.3,0.13,-0.3,-0.4,-0.7,0.4,"$2,165,481"
Alize Johnson,PF,22,IND,14,64,6.3,0.33299999999999996,0.125,0.5,7.1,25.5,16.5,2.0,0.8,4.2,0.0,13.3,-0.1,0.1,0.0,0.027000000000000003,-5.7,-2.0,-7.7,-0.1,"$838,464"
Amir Johnson,C,31,PHI,51,529,13.1,0.574,0.255,0.261,9.7,19.5,14.7,16.0,1.4,1.9,20.5,17.4,0.4,0.7,1.1,0.098,-2.9,0.6,-2.3,0.0,"$2,393,887"
James Johnson,PF,31,MIA,55,1164,10.9,0.522,0.39299999999999996,0.185,2.0,14.1,8.0,17.0,1.5,2.1,15.3,17.8,0.0,1.5,1.5,0.062,-2.4,1.1,-1.2,0.2,"$14,420,700"
Stanley Johnson,SF,22,TOT,66,1208,9.6,0.485,0.489,0.145,3.0,16.9,9.7,10.6,2.4,1.0,14.7,19.4,-1.1,1.6,0.5,0.021,-3.1,0.9,-2.2,0.0,"$3,940,401"
Stanley Johnson,SF,22,DET,48,961,9.8,0.48200000000000004,0.519,0.146,2.7,17.7,9.9,9.4,2.5,1.1,12.9,19.1,-0.7,1.4,0.7,0.034,-2.9,1.3,-1.6,0.1,"$3,940,401"
Stanley Johnson,SF,22,NOP,18,247,8.9,0.496,0.374,0.14300000000000002,3.8,13.7,8.8,15.1,2.3,0.3,21.2,20.4,-0.3,0.2,-0.1,-0.027999999999999997,-3.9,-0.5,-4.5,-0.2,"$3,940,401"
Tyler Johnson,PG,26,TOT,57,1529,12.4,0.532,0.494,0.24100000000000002,2.4,9.8,6.1,15.9,1.7,1.6,11.7,18.5,0.9,1.4,2.3,0.071,-0.7,0.3,-0.4,0.6,"$19,245,370"
Tyler Johnson,PG,26,MIA,44,1123,12.3,0.54,0.509,0.21899999999999997,1.8,9.7,5.7,14.9,1.7,1.7,12.5,19.2,0.5,1.3,1.8,0.075,-0.7,0.6,-0.1,0.5,"$19,245,370"
Tyler Johnson,PG,26,PHO,13,406,12.8,0.506,0.44799999999999995,0.312,4.0,10.3,7.1,18.6,1.6,1.2,9.0,16.5,0.4,0.1,0.5,0.06,-0.5,-0.6,-1.0,0.1,"$19,245,370"
Wesley Johnson,SF,31,TOT,38,534,5.5,0.469,0.594,0.14800000000000002,2.4,11.7,7.1,5.3,1.2,1.9,11.7,12.0,-0.3,0.3,0.0,0.001,-4.3,-0.5,-4.8,-0.4,"$6,134,000"
Wesley Johnson,SF,31,NOP,26,377,6.9,0.517,0.568,0.102,2.8,11.9,7.4,5.2,1.5,1.5,11.5,11.3,0.0,0.2,0.3,0.032,-3.4,0.3,-3.1,-0.1,"$6,134,000"
Wesley Johnson,SF,31,WAS,12,157,2.0,0.37200000000000005,0.65,0.25,1.4,11.2,6.2,5.6,0.6,2.7,11.9,13.6,-0.3,0.0,-0.2,-0.075,-6.5,-2.4,-8.9,-0.3,"$6,134,000"
Damian Jones,C,23,GSW,24,410,15.3,0.72,0.0,0.5,8.4,11.0,9.8,8.7,1.4,5.1,15.1,11.1,1.0,0.5,1.5,0.17300000000000001,-0.6,1.7,1.1,0.3,"$1,544,951"
Jalen Jones,SF,25,CLE,16,214,11.7,0.5479999999999999,0.452,0.435,5.5,12.5,8.8,4.8,2.1,0.8,9.8,16.7,0.2,0.1,0.3,0.055999999999999994,-2.3,-1.9,-4.3,-0.1,"$77,250"
Jemerrio Jones,SF,23,LAL,6,143,12.1,0.39799999999999996,0.303,0.061,11.8,23.4,17.7,11.4,2.3,2.9,12.9,11.3,0.0,0.2,0.2,0.084,-2.2,2.4,0.2,0.1,"$52,170"
Terrence Jones,PF,27,HOU,2,5,-15.8,0.225,0.5,0.25,0.0,90.3,44.2,0.0,0.0,0.0,18.4,47.2,-0.1,0.0,-0.1,-0.6609999999999999,-24.7,-6.4,-31.1,0.0,"$198,579"
Tyus Jones,PG,22,MIN,68,1560,13.7,0.491,0.28300000000000003,0.155,1.6,7.7,4.6,28.3,2.5,0.3,9.0,14.1,2.1,0.9,3.0,0.091,-0.9,0.3,-0.6,0.6,"$2,444,052"
DeAndre Jordan,C,30,TOT,69,2047,19.0,0.674,0.0,0.5920000000000001,11.7,35.2,23.5,11.6,1.0,3.0,21.4,15.0,4.0,3.1,7.1,0.16699999999999998,0.8,1.3,2.1,2.1,"$22,897,200"
DeAndre Jordan,C,30,DAL,50,1554,18.0,0.672,0.0,0.613,11.2,35.9,23.6,9.5,1.0,2.9,21.3,14.4,2.7,2.5,5.3,0.162,0.4,1.3,1.7,1.4,"$22,897,200"
DeAndre Jordan,C,30,NYK,19,493,22.1,0.6809999999999999,0.0,0.537,13.3,33.0,22.9,18.2,0.9,3.4,21.6,16.8,1.3,0.6,1.9,0.18100000000000002,2.2,1.3,3.4,0.7,"$22,897,200"
Cory Joseph,PG,27,IND,82,2063,11.0,0.474,0.312,0.078,2.1,12.6,7.5,20.7,2.2,0.9,12.4,13.7,0.5,2.9,3.5,0.081,-2.1,1.7,-0.4,0.9,"$7,945,000"
Frank Kaminsky,C,25,CHO,47,755,16.8,0.5870000000000001,0.466,0.359,5.5,18.1,11.7,12.9,0.8,1.4,10.6,22.1,1.3,0.5,1.8,0.114,1.4,-1.1,0.3,0.4,"$3,627,842"
Enes Kanter,C,26,TOT,67,1640,22.3,0.594,0.05,0.28800000000000003,16.4,26.1,21.1,12.1,0.9,1.3,13.3,23.1,3.9,1.6,5.4,0.159,2.5,-1.5,1.0,1.2,"$19,264,603"
Enes Kanter,C,26,NYK,44,1128,21.8,0.585,0.047,0.276,15.5,27.5,21.4,13.1,0.8,1.3,13.1,22.9,2.4,0.9,3.4,0.14300000000000002,2.5,-1.6,0.8,0.8,"$19,264,603"
Enes Kanter,C,26,POR,23,512,23.5,0.614,0.055999999999999994,0.316,18.3,22.8,20.6,9.9,1.3,1.4,13.7,23.4,1.5,0.6,2.1,0.196,2.6,-1.3,1.3,0.4,"$19,264,603"
Luke Kennard,SG,22,DET,63,1437,11.9,0.56,0.517,0.11699999999999999,0.9,13.5,7.0,12.3,0.9,0.6,9.4,18.1,1.3,1.3,2.5,0.085,-0.4,-0.6,-1.1,0.3,"$3,275,280"
Michael Kidd-Gilchrist,PF,25,CHO,64,1179,13.3,0.5529999999999999,0.142,0.37,7.9,14.8,11.3,7.4,1.3,2.9,10.0,15.7,1.5,1.0,2.5,0.1,-2.3,-0.1,-2.4,-0.1,"$13,000,000"
George King,SF,25,PHO,1,6,1.9,,,,0.0,18.8,9.2,0.0,0.0,0.0,,0.0,0.0,0.0,0.0,-0.001,-5.8,-2.1,-7.9,0.0,"$77,250"
Maxi Kleber,PF,27,DAL,71,1502,13.1,0.579,0.565,0.192,6.5,16.9,11.7,6.8,1.2,4.4,11.4,13.5,1.6,1.8,3.5,0.111,-0.8,1.2,0.4,0.9,"$1,378,242"
Brandon Knight,PG,27,TOT,39,736,8.9,0.484,0.496,0.131,1.4,7.7,4.4,14.4,1.4,0.2,9.8,18.1,-0.1,0.0,0.0,-0.002,-3.5,-2.0,-5.4,-0.6,"$14,631,250"
Brandon Knight,PG,27,HOU,12,118,0.8,0.34700000000000003,0.6809999999999999,0.23399999999999999,0.9,7.7,4.2,10.6,0.8,0.0,8.8,20.9,-0.3,0.0,-0.3,-0.113,-9.5,-2.9,-12.4,-0.3,"$14,631,250"
Brandon Knight,PG,27,CLE,27,618,10.5,0.515,0.455,0.10800000000000001,1.5,7.7,4.5,15.1,1.5,0.3,10.1,17.6,0.3,0.0,0.2,0.019,-2.3,-1.8,-4.1,-0.3,"$14,631,250"
Kevin Knox,PF,19,NYK,75,2158,8.7,0.475,0.39799999999999996,0.247,2.9,13.6,8.1,6.0,1.0,0.9,10.1,22.3,-2.2,0.9,-1.3,-0.03,-3.4,-2.3,-5.7,-2.0,"$3,744,840"
Furkan Korkmaz,SG,21,PHI,48,679,11.5,0.528,0.588,0.18,2.6,13.8,8.3,10.7,2.0,0.2,8.6,17.9,0.4,0.7,1.1,0.079,-1.6,-0.2,-1.8,0.0,"$1,740,000"
Luke Kornet,PF,23,NYK,46,784,14.8,0.531,0.682,0.163,3.6,14.6,9.0,10.5,1.7,4.5,7.6,17.9,0.6,0.7,1.4,0.083,1.4,0.7,2.1,0.8,"$1,619,260"
Kyle Korver,SG-PF,37,TOT,70,1334,11.2,0.5820000000000001,0.72,0.151,0.7,12.4,6.6,8.9,0.9,0.7,10.3,18.5,1.0,1.3,2.3,0.08199999999999999,-0.2,-0.3,-0.5,0.5,"$7,560,000"
Kyle Korver,PF,37,CLE,16,251,11.3,0.65,0.711,0.21100000000000002,0.0,13.4,6.4,10.1,0.6,0.7,17.0,17.4,0.2,0.0,0.2,0.043,0.6,-1.3,-0.7,0.1,"$7,560,000"
Kyle Korver,SG,37,UTA,54,1083,11.2,0.569,0.722,0.14,0.9,12.2,6.7,8.6,1.0,0.7,8.9,18.7,0.8,1.3,2.0,0.091,-0.4,0.0,-0.4,0.4,"$7,560,000"
Kosta Koufos,C,29,SAC,42,502,12.3,0.47700000000000004,0.0,0.157,10.4,26.3,18.2,9.5,1.4,3.1,14.2,15.7,0.0,0.7,0.7,0.063,-3.6,0.2,-3.4,-0.2,"$8,739,500"
Rodions Kurucs,SF,20,BRK,63,1294,11.0,0.545,0.41,0.205,4.6,15.4,10.0,6.0,1.5,1.5,13.6,18.4,0.1,1.5,1.6,0.059000000000000004,-2.9,0.3,-2.6,-0.2,"$1,690,000"
Kyle Kuzma,PF,23,LAL,70,2314,14.0,0.546,0.38799999999999996,0.23,2.7,14.1,8.5,11.5,0.8,0.9,10.0,23.8,1.2,1.9,3.1,0.065,-0.2,-1.2,-1.4,0.4,"$1,689,840"
Jeremy Lamb,SG,26,CHO,79,2250,17.3,0.552,0.337,0.266,3.1,18.1,10.4,11.9,1.9,1.2,6.8,22.5,3.3,2.0,5.3,0.113,1.2,0.0,1.2,1.8,"$7,000,000"
Zach LaVine,SG,23,CHI,63,2171,18.7,0.574,0.28300000000000003,0.33,2.0,12.9,7.4,22.6,1.3,1.0,14.2,30.5,1.7,1.1,2.8,0.062,2.4,-1.6,0.8,1.5,"$19,500,000"
Jake Layman,SF,24,POR,71,1327,13.5,0.594,0.42700000000000005,0.16699999999999998,4.6,12.6,8.7,5.6,1.1,1.8,9.2,15.9,1.9,1.2,3.1,0.111,-0.1,-0.3,-0.5,0.5,"$1,544,951"
Courtney Lee,SG,33,TOT,34,428,10.3,0.49200000000000005,0.426,0.163,2.2,11.2,6.7,12.8,2.4,0.6,9.2,15.3,0.1,0.4,0.4,0.05,-3.4,0.8,-2.5,-0.1,"$12,253,780"
Courtney Lee,SG,33,NYK,12,160,13.7,0.527,0.34,0.298,3.8,14.1,8.8,15.1,2.4,1.1,8.6,15.5,0.2,0.1,0.3,0.087,-1.8,1.1,-0.8,0.0,"$12,253,780"
Courtney Lee,SG,33,DAL,22,268,8.3,0.47,0.47600000000000003,0.085,1.2,9.5,5.4,11.4,2.4,0.3,9.6,15.1,-0.1,0.3,0.2,0.027999999999999997,-4.3,0.7,-3.6,-0.1,"$12,253,780"
Damion Lee,SG,26,GSW,32,375,11.9,0.578,0.535,0.17300000000000001,2.4,15.3,9.1,4.5,1.6,0.0,7.4,16.8,0.3,0.4,0.7,0.09,-1.2,-1.1,-2.2,0.0,"$77,250"
Alex Len,C,25,ATL,77,1544,17.2,0.575,0.315,0.33299999999999996,10.5,18.5,14.4,8.6,0.8,3.9,11.5,22.1,2.2,1.0,3.2,0.1,0.0,-1.3,-1.2,0.3,"$4,350,000"
Kawhi Leonard,SF,27,TOR,60,2040,25.8,0.606,0.267,0.377,4.2,18.6,11.6,16.4,2.5,1.0,8.4,30.3,6.1,3.4,9.5,0.22399999999999998,6.1,1.1,7.2,4.7,"$23,114,066"
Meyers Leonard,C,26,POR,61,878,15.8,0.675,0.45899999999999996,0.21100000000000002,6.1,21.8,14.2,11.8,0.7,0.8,14.0,14.8,2.1,0.9,3.0,0.16399999999999998,1.5,0.3,1.8,0.8,"$10,595,506"
Jon Leuer,PF,29,DET,41,402,13.2,0.616,0.09699999999999999,0.27399999999999997,7.1,19.8,13.2,5.5,1.5,0.8,15.4,16.1,0.4,0.5,0.9,0.11,-2.8,0.4,-2.5,0.0,"$10,002,681"
Caris LeVert,SF,24,BRK,40,1063,14.9,0.509,0.319,0.255,3.5,11.4,7.5,23.2,1.9,1.0,11.4,24.0,0.5,1.2,1.7,0.077,-0.3,0.5,0.2,0.6,"$1,702,800"
Damian Lillard,PG,28,POR,80,2838,23.7,0.588,0.419,0.335,2.6,11.1,7.0,30.6,1.5,1.0,10.8,29.3,9.7,2.4,12.1,0.205,6.6,-0.3,6.4,6.0,"$27,977,689"
Jeremy Lin,PG,30,TOT,74,1436,13.5,0.5579999999999999,0.34600000000000003,0.38799999999999996,1.6,11.7,6.6,23.4,1.5,0.8,16.4,21.8,1.2,0.9,2.1,0.07,-1.4,-0.9,-2.2,-0.1,"$12,516,746"
Jeremy Lin,PG,30,ATL,51,1003,15.9,0.594,0.342,0.435,1.6,11.0,6.2,26.7,1.8,0.6,17.6,22.6,1.5,0.4,1.9,0.092,0.3,-1.0,-0.6,0.3,"$12,516,746"
Jeremy Lin,PG,30,TOR,23,433,8.2,0.46399999999999997,0.355,0.271,1.5,13.1,7.5,15.7,1.0,1.1,13.0,19.8,-0.3,0.5,0.2,0.02,-5.4,-0.6,-6.0,-0.4,"$12,516,746"
Shaun Livingston,PG,33,GSW,64,967,11.7,0.555,0.01,0.243,4.9,7.9,6.5,14.8,1.5,2.3,14.1,12.0,1.2,0.9,2.0,0.10099999999999999,-1.7,0.7,-1.0,0.2,"$8,307,692"
Zach Lofton,SG,26,DET,1,4,-10.0,0.0,1.0,0.0,0.0,0.0,0.0,0.0,12.3,0.0,50.0,21.6,-0.1,0.0,0.0,-0.447,-17.4,6.0,-11.5,0.0,"$77,250"
Kevon Looney,C,22,GSW,80,1481,17.3,0.636,0.028999999999999998,0.303,14.6,15.4,15.0,10.9,1.5,3.0,11.5,12.8,4.2,1.8,6.0,0.19399999999999998,0.1,0.4,0.5,0.9,"$1,567,007"
Brook Lopez,C,30,MIL,81,2322,14.6,0.597,0.6509999999999999,0.16899999999999998,1.5,15.0,8.7,5.7,1.0,6.5,8.9,16.7,2.3,4.3,6.7,0.138,0.4,1.8,2.2,2.4,"$3,382,000"
Robin Lopez,C,30,CHI,74,1606,15.9,0.598,0.057999999999999996,0.23,9.4,10.0,9.7,8.8,0.3,4.2,14.0,18.6,2.0,0.7,2.7,0.081,-0.6,-1.4,-1.9,0.0,"$14,357,750"
Kevin Love,PF,30,CLE,22,598,19.5,0.561,0.519,0.40299999999999997,5.9,40.0,22.2,12.8,0.5,0.7,11.2,27.4,1.0,0.4,1.3,0.106,3.3,-1.6,1.6,0.6,"$24,119,025"
Kyle Lowry,PG,32,TOR,65,2213,16.5,0.562,0.613,0.263,2.1,12.9,7.6,34.8,2.0,1.2,18.1,19.6,3.6,3.0,6.6,0.14400000000000002,1.7,0.6,2.3,2.4,"$32,700,000"
Jordan Loyd,PG,25,TOR,12,55,16.3,0.635,0.444,0.611,2.0,15.3,8.8,15.1,0.0,0.0,8.1,19.4,0.2,0.0,0.2,0.19,0.0,-0.9,-1.0,0.0,"$77,250"
Kalin Lucas,PG,29,DET,1,6,16.6,0.532,1.0,2.0,0.0,56.7,27.3,20.8,0.0,0.0,0.0,13.5,0.0,0.0,0.0,0.23800000000000002,-5.6,6.4,0.8,0.0,"$648,008"
Tyler Lydon,PF,22,DEN,25,94,9.3,0.595,0.556,0.16699999999999998,8.0,12.7,10.4,8.2,1.0,0.0,17.2,10.6,0.1,0.1,0.2,0.086,-2.8,-1.4,-4.2,-0.1,"$1,874,640"
Trey Lyles,PF,23,DEN,64,1120,12.7,0.5,0.40399999999999997,0.23399999999999999,4.2,19.6,11.9,11.3,1.3,1.8,11.1,23.4,-0.2,1.4,1.2,0.05,-1.8,-0.7,-2.4,-0.1,"$3,364,249"
Scott Machado,PG,28,LAL,4,19,22.2,0.7759999999999999,0.16699999999999998,0.16699999999999998,0.0,0.0,0.0,23.5,2.4,0.0,0.0,14.0,0.1,0.0,0.1,0.281,2.9,2.7,5.5,0.0,"$76,236"
Shelvin Mack,PG,28,TOT,57,1246,10.4,0.489,0.32299999999999995,0.20800000000000002,1.6,7.9,4.7,22.6,1.9,0.3,13.0,18.1,-0.2,1.1,0.9,0.034,-2.7,-0.4,-3.0,-0.3,"$2,512,601"
Shelvin Mack,PG,28,MEM,53,1204,11.0,0.499,0.32899999999999996,0.193,1.6,8.0,4.8,23.3,1.9,0.3,12.8,18.0,0.1,1.0,1.1,0.045,-2.3,-0.3,-2.5,-0.1,"$2,512,601"
Shelvin Mack,PG,28,CHO,4,42,-6.6,0.251,0.14300000000000002,0.643,0.0,5.2,2.6,3.0,2.3,0.0,18.2,22.5,-0.3,0.0,-0.3,-0.304,-14.0,-3.9,-17.9,-0.2,"$2,512,601"
Daryl Macon,SG,23,DAL,8,90,5.5,0.48200000000000004,0.40700000000000003,0.259,2.4,11.8,7.1,11.2,0.5,0.0,16.6,17.2,-0.1,0.0,0.0,-0.022000000000000002,-5.3,-2.6,-7.9,-0.1,"$77,250"
Ian Mahinmi,C,32,WAS,34,498,12.0,0.531,0.154,0.5870000000000001,10.3,17.7,13.9,6.5,2.4,2.7,13.8,12.9,0.5,0.5,1.0,0.092,-3.5,0.6,-3.0,-0.1,"$16,000,000"
Thon Maker,C-PF,21,TOT,64,972,11.3,0.53,0.5710000000000001,0.313,4.5,17.4,11.0,6.3,1.0,4.4,9.8,14.8,0.5,1.5,2.0,0.099,-2.2,1.0,-1.2,0.2,"$2,799,720"
Thon Maker,C,21,MIL,35,409,12.9,0.546,0.5820000000000001,0.276,4.5,18.5,11.9,5.8,1.1,3.7,5.7,16.3,0.4,0.7,1.1,0.132,-1.3,1.3,0.0,0.2,"$2,799,720"
Thon Maker,PF,21,DET,29,563,10.2,0.514,0.56,0.35100000000000003,4.5,16.5,10.3,6.7,1.0,5.0,13.4,13.7,0.1,0.8,0.9,0.075,-2.9,0.8,-2.1,0.0,"$2,799,720"
Lauri Markkanen,PF,21,CHI,52,1682,17.1,0.5529999999999999,0.418,0.245,4.7,25.9,15.2,7.2,1.1,1.7,8.8,25.1,1.3,1.5,2.7,0.078,1.4,-1.5,-0.2,0.7,"$4,536,120"
Jarell Martin,PF,24,ORL,42,328,9.4,0.528,0.5479999999999999,0.106,3.5,20.5,11.9,7.8,0.4,2.0,9.2,15.9,0.1,0.4,0.5,0.073,-3.7,-0.2,-3.9,-0.2,"$2,416,221"
Yante Maten,PF,22,MIA,2,13,5.7,0.25,0.25,0.0,8.2,16.4,12.3,0.0,3.8,0.0,0.0,13.2,0.0,0.0,0.0,-0.026000000000000002,-7.5,-1.6,-9.2,0.0,"$385,000"
Wesley Matthews,SF-SG,32,TOT,69,2091,10.3,0.546,0.5770000000000001,0.23399999999999999,1.7,7.1,4.4,11.1,1.3,0.7,10.6,17.8,1.1,1.5,2.7,0.062,-1.4,-0.5,-1.8,0.1,"$19,360,228"
Wesley Matthews,SF,32,DAL,44,1312,11.3,0.556,0.561,0.235,1.6,6.6,4.2,11.6,1.2,0.8,10.1,18.9,1.0,0.8,1.8,0.066,-0.8,-0.5,-1.3,0.2,"$19,360,228"
Wesley Matthews,SG,32,NYK,2,54,2.9,0.33,0.526,0.263,1.9,4.0,2.9,12.9,0.9,1.6,8.6,18.4,-0.1,0.0,-0.1,-0.115,-5.3,-1.3,-6.6,-0.1,"$19,360,228"
Wesley Matthews,SG,32,IND,23,725,9.2,0.5429999999999999,0.619,0.22899999999999998,1.7,8.1,5.0,10.1,1.3,0.5,11.8,15.8,0.3,0.7,1.0,0.067,-2.0,-0.4,-2.4,-0.1,"$19,360,228"
Luc Mbah a Moute,PF,32,LAC,4,61,6.7,0.495,0.33299999999999996,0.278,3.6,8.4,6.1,4.5,0.8,1.3,9.0,15.4,0.0,0.0,0.0,0.009000000000000001,-2.9,0.0,-3.0,0.0,"$4,320,500"
Tahjere McCall,SG,24,BRK,1,8,9.6,0.581,0.33299999999999996,0.33299999999999996,0.0,13.1,6.6,0.0,0.0,0.0,0.0,18.1,0.0,0.0,0.0,0.055,-6.0,-0.6,-6.6,0.0,"$47,370"
Patrick McCaw,SG,23,TOT,29,397,7.5,0.532,0.444,0.23800000000000002,2.0,10.9,6.5,9.2,2.8,0.4,19.6,9.4,0.0,0.5,0.5,0.065,-4.8,1.9,-3.0,-0.1,"$964,104"
Patrick McCaw,SG,23,CLE,3,53,-0.7,0.278,0.444,0.0,0.0,6.6,3.1,4.9,1.9,0.0,25.0,9.9,-0.2,0.0,-0.2,-0.13699999999999998,-7.8,-3.2,-11.0,-0.1,"$964,104"
Patrick McCaw,SG,23,TOR,26,344,8.7,0.569,0.444,0.278,2.3,11.6,7.1,9.8,2.9,0.5,18.8,9.3,0.2,0.5,0.7,0.096,-4.4,2.7,-1.7,0.0,"$964,104"
CJ McCollum,SG,27,POR,70,2375,17.0,0.5529999999999999,0.358,0.154,2.9,9.7,6.3,13.8,1.1,0.9,7.4,25.5,4.0,1.7,5.6,0.114,2.1,-1.0,1.0,1.8,"$25,759,766"
Doug McDermott,SF,27,IND,77,1340,11.6,0.617,0.488,0.187,1.4,7.5,4.5,7.1,0.7,0.5,8.4,16.3,1.8,1.1,2.9,0.10300000000000001,-0.5,-0.9,-1.4,0.2,"$7,333,334"
JaVale McGee,C,31,LAL,75,1671,21.8,0.634,0.019,0.237,12.3,22.5,17.5,4.8,1.3,7.3,13.2,20.2,3.0,2.9,5.9,0.171,0.3,1.2,1.4,1.4,"$2,393,887"
Rodney McGruder,SG,27,MIA,66,1550,9.4,0.51,0.488,0.156,4.1,12.2,8.2,10.3,1.1,0.7,11.5,15.4,0.4,1.6,1.9,0.059000000000000004,-2.2,-0.1,-2.3,-0.1,"$1,544,951"
Alfonzo McKinnie,SF,26,GSW,72,1003,11.2,0.569,0.429,0.175,9.0,16.9,13.1,4.0,0.9,1.3,9.2,13.9,1.2,0.9,2.1,0.1,-2.2,-1.3,-3.5,-0.4,"$1,349,383"
Ben McLemore,SG,25,SAC,19,158,10.5,0.541,0.6409999999999999,0.188,1.9,9.4,5.5,3.4,1.8,1.6,6.7,19.4,0.1,0.1,0.2,0.055,-2.1,-1.4,-3.5,-0.1,"$5,460,000"
Jordan McRae,SG,27,WAS,27,333,14.3,0.55,0.26899999999999996,0.26899999999999996,1.9,11.3,6.5,13.2,1.8,1.8,9.4,20.4,0.3,0.2,0.5,0.066,-0.9,-0.8,-1.7,0.0,"$77,250"
Jodie Meeks,SG,31,TOR,8,104,16.0,0.647,0.462,0.026000000000000002,1.1,11.1,6.2,11.5,0.5,0.8,4.8,17.1,0.2,0.1,0.3,0.153,1.4,-0.8,0.5,0.1,"$3,774,176"
Salah Mejri,C,32,DAL,36,399,16.1,0.5589999999999999,0.304,0.28600000000000003,9.7,25.3,17.6,13.2,1.2,5.5,14.3,15.8,0.5,0.6,1.1,0.136,-1.1,1.9,0.8,0.3,"$2,098,196"
De'Anthony Melton,PG,20,PHO,50,984,9.9,0.466,0.371,0.109,2.8,12.5,7.5,22.3,3.3,1.9,21.8,15.0,-0.8,0.8,0.0,0.002,-3.8,1.1,-2.7,-0.2,"$949,000"
Chimezie Metu,PF,21,SAS,29,145,6.4,0.389,0.034,0.293,6.8,20.1,13.5,12.0,2.0,1.2,18.6,24.4,-0.5,0.2,-0.3,-0.099,-7.3,-1.4,-8.7,-0.2,"$838,464"
Khris Middleton,SF,27,MIL,77,2393,16.5,0.5579999999999999,0.413,0.225,2.3,16.5,9.8,20.1,1.6,0.2,12.1,25.1,2.5,3.6,6.1,0.12300000000000001,0.7,0.1,0.8,1.7,"$13,000,000"
Darius Miller,SF,28,NOP,69,1757,8.4,0.55,0.752,0.147,0.8,6.6,3.8,10.4,1.1,1.1,10.3,13.4,1.1,0.6,1.6,0.045,-2.1,-0.8,-2.9,-0.4,"$2,205,000"
Malcolm Miller,SF,25,TOR,10,67,13.7,0.63,0.8079999999999999,0.154,1.7,6.3,4.0,2.1,0.7,1.2,3.5,18.5,0.1,0.1,0.2,0.13,1.2,-1.6,-0.5,0.0,"$457,418"
Paul Millsap,PF,33,DEN,70,1895,17.9,0.57,0.239,0.374,8.7,20.2,14.4,10.6,2.2,2.5,10.9,19.6,3.2,2.9,6.1,0.155,0.7,1.0,1.7,1.8,"$29,230,769"
Shake Milton,SG,22,PHI,20,268,9.3,0.483,0.506,0.08,3.7,10.0,6.9,9.2,1.4,2.3,6.2,15.0,0.1,0.3,0.3,0.059000000000000004,-2.6,-0.6,-3.2,-0.1,"$77,250"
Donovan Mitchell,SG,22,UTA,77,2598,17.2,0.537,0.33899999999999997,0.259,2.5,10.5,6.6,21.2,2.0,0.9,11.3,31.6,1.3,3.7,5.0,0.092,1.2,0.1,1.3,2.2,"$3,111,480"
Malik Monk,SG,20,CHO,73,1258,11.8,0.518,0.563,0.174,1.3,10.6,5.9,14.3,1.4,1.3,12.0,24.6,-0.4,0.7,0.3,0.012,-1.3,-1.7,-3.0,-0.3,"$3,447,480"
Greg Monroe,C,28,TOT,43,480,16.0,0.521,0.026000000000000002,0.381,15.4,22.9,19.3,8.1,1.4,1.4,12.7,22.6,0.4,0.7,1.1,0.10800000000000001,-2.0,-1.3,-3.2,-0.1,"$2,410,167"
Greg Monroe,C,28,TOR,38,423,13.5,0.48700000000000004,0.025,0.379,15.7,23.8,19.9,5.4,1.5,1.6,14.2,22.2,-0.1,0.7,0.6,0.071,-3.5,-1.4,-5.0,-0.3,"$2,410,167"
Greg Monroe,C,28,BOS,2,5,60.2,0.6,0.0,0.0,63.9,0.0,32.0,73.4,0.0,0.0,0.0,43.1,0.1,0.0,0.1,0.534,28.0,-2.8,25.2,0.0,"$2,410,167"
Greg Monroe,C,28,PHI,3,52,31.7,0.736,0.043,0.478,8.4,17.8,13.2,23.5,0.9,0.0,3.5,23.2,0.4,0.0,0.4,0.37,7.8,0.4,8.2,0.1,"$2,410,167"
E'Twaun Moore,SG,29,NOP,53,1463,11.5,0.5670000000000001,0.331,0.111,2.5,6.4,4.5,9.5,1.3,0.4,9.6,17.3,1.2,0.5,1.7,0.055,-1.2,-1.1,-2.3,-0.1,"$8,808,685"
Eric Moreland,PF,27,TOT,5,43,6.7,0.5,0.14300000000000002,0.0,10.3,39.6,25.2,11.8,1.1,1.9,41.7,12.0,-0.1,0.1,0.0,0.032,-6.7,2.0,-4.7,0.0,"$309,859"
Eric Moreland,PF,27,PHO,1,5,3.9,,,,0.0,67.5,33.2,0.0,0.0,0.0,,0.0,0.0,0.0,0.0,0.077,-6.3,0.2,-6.1,0.0,"$309,859"
Eric Moreland,PF,27,TOR,4,38,7.1,0.5,0.14300000000000002,0.0,11.7,35.9,24.1,13.3,1.3,2.2,41.7,13.6,-0.1,0.1,0.0,0.026000000000000002,-6.7,2.3,-4.5,0.0,"$309,859"
Jaylen Morris,SG,23,MIL,4,29,12.2,0.46,0.3,0.2,0.0,16.5,8.8,18.1,3.2,0.0,8.4,17.2,0.0,0.1,0.1,0.084,-3.7,3.3,-0.4,0.0,"$77,250"
Marcus Morris,PF,29,BOS,75,2091,14.2,0.568,0.461,0.205,3.9,19.5,11.7,7.5,1.0,1.1,9.1,20.9,2.1,2.5,4.5,0.10400000000000001,-0.2,-0.7,-0.9,0.6,"$5,375,000"
Markieff Morris,PF,29,TOT,58,1270,11.7,0.521,0.419,0.19,5.0,17.5,11.1,8.8,1.3,1.5,9.3,19.1,0.6,1.1,1.6,0.061,-2.1,-0.6,-2.7,-0.2,"$9,173,294"
Markieff Morris,PF,29,WAS,34,883,12.3,0.5429999999999999,0.439,0.223,5.0,16.6,10.7,9.6,1.3,1.9,11.5,19.5,0.4,0.5,0.9,0.051,-1.8,-0.9,-2.7,-0.2,"$9,173,294"
Markieff Morris,PF,29,OKC,24,387,10.4,0.475,0.37799999999999995,0.122,5.2,19.6,12.1,6.8,1.3,0.4,4.1,18.0,0.2,0.5,0.7,0.083,-2.8,0.1,-2.8,-0.1,"$9,173,294"
Monte Morris,PG,23,DEN,82,1970,16.2,0.5770000000000001,0.32299999999999995,0.115,1.9,8.8,5.3,21.7,1.8,0.2,6.6,17.1,4.4,1.8,6.2,0.151,1.1,0.3,1.5,1.7,"$1,349,383"
Johnathan Motley,PF,23,LAC,22,156,18.9,0.563,0.040999999999999995,0.5479999999999999,12.6,21.7,17.3,11.7,1.5,1.5,15.0,28.8,0.1,0.2,0.3,0.092,-1.2,-0.7,-1.9,0.0,"$77,250"
Emmanuel Mudiay,PG,22,NYK,59,1607,14.6,0.531,0.284,0.251,2.1,10.9,6.4,24.2,1.3,1.0,14.6,25.6,0.1,0.7,0.8,0.023,-0.2,-1.8,-2.0,0.0,"$4,294,479"
Jamal Murray,PG,21,DEN,75,2447,16.0,0.5379999999999999,0.353,0.19,2.9,11.2,7.0,22.4,1.3,1.0,11.1,24.9,2.8,2.3,5.1,0.1,1.4,-0.8,0.6,1.6,"$3,499,800"
Mike Muscala,PF,27,TOT,64,1306,10.8,0.564,0.7090000000000001,0.235,4.7,14.7,9.8,7.7,0.8,2.3,10.8,14.3,1.2,1.2,2.5,0.091,-0.8,-0.3,-1.1,0.3,"$5,000,000"
Mike Muscala,PF,27,PHI,47,1041,10.4,0.56,0.716,0.27699999999999997,5.3,14.7,10.2,7.9,0.8,2.0,12.1,14.3,0.9,1.0,1.9,0.087,-1.1,-0.4,-1.5,0.1,"$5,000,000"
Mike Muscala,PF,27,LAL,17,265,12.5,0.578,0.687,0.096,2.4,14.5,8.6,7.1,0.7,3.4,5.5,14.3,0.3,0.3,0.6,0.107,0.3,0.4,0.7,0.2,"$5,000,000"
Sviatoslav Mykhailiuk,SF,21,TOT,42,440,6.0,0.447,0.636,0.14300000000000002,2.2,6.2,4.2,10.9,1.5,0.2,12.4,16.0,-0.4,0.3,-0.1,-0.012,-3.9,-1.1,-5.0,-0.3,"$1,487,694"
Sviatoslav Mykhailiuk,SF,21,LAL,39,420,5.8,0.451,0.644,0.152,2.0,6.3,4.2,10.1,1.4,0.2,12.4,15.9,-0.4,0.3,-0.1,-0.013000000000000001,-4.1,-1.1,-5.2,-0.3,"$1,487,694"
Sviatoslav Mykhailiuk,SF,21,DET,3,20,9.8,0.375,0.5,0.0,5.3,5.7,5.5,28.5,2.5,0.0,11.1,19.4,0.0,0.0,0.0,0.016,0.6,-1.1,-0.5,0.0,"$1,487,694"
Abdel Nader,SF,25,OKC,61,694,8.8,0.522,0.465,0.16699999999999998,2.0,15.7,8.6,3.8,1.3,1.5,10.1,15.1,0.0,0.9,0.9,0.062,-3.6,0.3,-3.2,-0.2,"$1,378,242"
Shabazz Napier,PG,27,BRK,56,983,15.3,0.534,0.524,0.317,1.9,8.7,5.3,22.2,2.0,1.3,11.7,24.0,1.0,1.0,2.0,0.098,0.9,0.6,1.5,0.9,"$1,942,422"
Raul Neto,PG,26,UTA,37,474,13.5,0.5579999999999999,0.373,0.205,1.4,12.6,7.1,28.7,1.4,0.7,16.6,19.0,0.5,0.6,1.1,0.11599999999999999,-1.1,0.8,-0.3,0.2,"$2,100,000"
Georges Niang,PF,25,UTA,59,516,13.0,0.613,0.58,0.133,2.4,15.7,9.1,10.1,0.9,0.9,10.7,17.8,0.7,0.7,1.3,0.12300000000000001,-0.2,0.2,0.0,0.3,"$1,512,601"
Joakim Noah,C,33,MEM,42,693,18.6,0.5710000000000001,0.005,0.512,9.2,29.6,19.3,20.6,1.4,4.2,16.1,20.0,1.0,1.2,2.2,0.15,-0.3,2.4,2.1,0.7,"$20,261,172"
Nerlens Noel,C,24,OKC,77,1055,19.3,0.608,0.0,0.28600000000000003,12.1,20.0,15.9,5.9,2.9,7.7,13.4,13.8,1.9,2.5,4.3,0.198,-1.2,3.3,2.1,1.1,"$1,757,429"
Dirk Nowitzki,PF,40,DAL,51,795,9.6,0.469,0.545,0.133,0.7,20.5,10.6,6.9,0.5,1.9,4.3,22.5,-0.5,0.8,0.3,0.016,-2.7,-1.2,-3.9,-0.4,"$5,000,000"
Frank Ntilikina,PG,20,NYK,43,904,6.0,0.41700000000000004,0.408,0.106,1.4,8.9,5.0,19.5,1.6,1.3,15.9,16.6,-1.3,0.4,-0.8,-0.045,-5.2,-0.8,-6.0,-0.9,"$4,155,720"
James Nunnally,SF,28,TOT,15,102,7.3,0.503,0.735,0.11800000000000001,0.0,5.3,2.6,9.5,0.5,0.0,2.7,15.3,0.1,0.0,0.1,0.035,-1.9,-2.9,-4.8,-0.1,"$663,255"
James Nunnally,SF,28,MIN,13,64,12.1,0.593,0.619,0.19,0.0,6.8,3.3,10.9,0.7,0.0,4.2,15.6,0.1,0.0,0.1,0.09699999999999999,1.4,-1.3,0.1,0.0,"$663,255"
James Nunnally,SF,28,HOU,2,38,-0.8,0.34600000000000003,0.9229999999999999,0.0,0.0,3.0,1.5,7.2,0.0,0.0,0.0,14.8,-0.1,0.0,-0.1,-0.068,-7.5,-5.5,-13.0,-0.1,"$663,255"
David Nwaba,SG,26,CLE,51,984,12.5,0.5579999999999999,0.28600000000000003,0.324,4.4,14.4,9.2,8.1,1.8,1.5,8.8,14.6,1.1,0.3,1.4,0.069,-1.8,-0.3,-2.1,0.0,"$1,512,601"
Royce O'Neale,SF,25,UTA,82,1671,9.0,0.589,0.513,0.122,1.5,16.7,9.2,10.0,1.5,1.1,16.2,11.0,0.7,2.5,3.3,0.094,-2.6,2.1,-0.5,0.6,"$1,378,242"
Kyle O'Quinn,C,28,IND,45,371,16.8,0.537,0.08800000000000001,0.154,8.9,26.4,17.8,22.4,1.2,6.0,17.6,20.8,0.2,0.8,1.0,0.125,-2.5,3.0,0.4,0.2,"$4,449,000"
Semi Ojeleye,PF,24,BOS,56,594,8.5,0.531,0.563,0.247,4.3,11.2,7.7,5.1,0.8,0.6,9.8,14.1,0.2,0.5,0.7,0.057,-2.8,-1.2,-4.0,-0.3,"$1,378,242"
Jahlil Okafor,C,23,NOP,59,935,17.9,0.603,0.013999999999999999,0.24600000000000002,9.2,21.4,15.4,6.3,0.7,3.5,11.5,19.9,1.4,0.8,2.2,0.115,-0.6,-0.9,-1.5,0.1,"$1,567,007"
Elie Okobo,PG,21,PHO,53,958,7.6,0.489,0.455,0.162,1.4,10.1,5.7,18.7,1.6,0.6,18.2,17.0,-0.7,0.2,-0.5,-0.027000000000000003,-4.2,-1.5,-5.7,-0.9,"$1,238,464"
Josh Okogie,SG,20,MIN,74,1757,9.4,0.49200000000000005,0.423,0.319,2.5,10.9,6.6,6.9,2.4,1.6,9.8,15.4,-0.1,1.4,1.2,0.034,-3.5,0.4,-3.1,-0.5,"$2,163,600"
Victor Oladipo,SG,26,IND,36,1147,17.6,0.519,0.36700000000000005,0.24,2.1,17.1,9.8,25.2,2.6,0.9,11.2,27.9,0.4,1.9,2.3,0.09699999999999999,1.8,1.2,2.9,1.4,"$21,000,000"
Kelly Olynyk,PF,27,MIA,79,1812,14.4,0.61,0.5660000000000001,0.32799999999999996,4.2,17.8,11.0,11.4,1.4,1.8,15.0,18.0,2.3,2.5,4.7,0.126,-0.2,0.9,0.7,1.2,"$13,537,527"
Cedi Osman,SF,23,CLE,76,2444,11.5,0.536,0.44299999999999995,0.214,2.0,14.8,8.1,12.1,1.2,0.4,11.0,18.6,1.2,0.2,1.5,0.028999999999999998,-1.4,-1.8,-3.2,-0.8,"$2,775,000"
Zaza Pachulia,C,34,DET,68,878,13.7,0.539,0.021,0.642,11.9,21.5,16.5,14.7,1.7,1.6,18.7,15.0,1.1,1.3,2.3,0.128,-2.8,1.6,-1.2,0.2,"$2,393,887"
Jabari Parker,PF,23,TOT,64,1724,15.5,0.56,0.26,0.24600000000000002,4.9,21.8,13.3,14.1,1.3,1.5,15.4,24.6,0.1,1.3,1.4,0.039,-0.7,-0.9,-1.5,0.2,"$20,000,000"
Jabari Parker,PF,23,CHI,39,1042,14.6,0.5429999999999999,0.24600000000000002,0.233,4.2,21.1,12.6,13.2,1.1,1.2,14.1,25.0,-0.2,0.7,0.5,0.024,-1.1,-1.1,-2.1,0.0,"$20,000,000"
Jabari Parker,PF,23,WAS,25,682,17.0,0.5870000000000001,0.284,0.267,5.9,23.0,14.3,15.4,1.6,2.0,17.4,24.0,0.3,0.6,0.9,0.063,0.0,-0.6,-0.6,0.2,"$20,000,000"
Tony Parker,PG,36,CHO,56,1003,15.3,0.512,0.11,0.268,1.5,7.6,4.5,33.3,1.0,0.6,12.7,25.5,0.6,0.3,0.9,0.044000000000000004,-0.3,-2.3,-2.6,-0.1,"$5,000,000"
Chandler Parsons,SF,30,MEM,25,496,8.5,0.484,0.516,0.13699999999999998,0.9,15.2,7.9,13.4,1.9,1.0,14.2,20.3,-0.6,0.6,0.0,-0.004,-3.9,-0.5,-4.4,-0.3,"$24,107,258"
Patrick Patterson,PF,29,OKC,63,861,8.1,0.493,0.626,0.13699999999999998,4.9,13.0,8.8,4.6,0.9,1.3,8.7,12.0,0.2,0.9,1.1,0.064,-2.0,-0.4,-2.5,-0.1,"$5,451,600"
Justin Patton,C,21,PHI,3,21,10.5,0.317,0.28600000000000003,0.28600000000000003,10.4,19.6,15.1,18.7,4.5,0.0,0.0,15.7,0.0,0.0,0.0,0.079,-5.2,3.2,-2.0,0.0,"$2,667,600"
Chris Paul,PG,33,HOU,58,1857,19.7,0.56,0.493,0.282,2.1,13.9,7.9,39.3,3.0,0.8,15.8,22.5,4.4,2.2,6.6,0.172,2.7,1.1,3.9,2.8,"$35,654,150"
Cameron Payne,PG,24,TOT,40,712,11.5,0.519,0.377,0.184,2.0,9.2,5.5,21.8,1.9,1.1,15.7,17.6,0.1,0.3,0.5,0.031,-2.3,-0.7,-3.0,-0.2,"$3,440,356"
Cameron Payne,PG,24,CHI,31,536,10.3,0.49200000000000005,0.35100000000000003,0.149,2.0,8.8,5.4,22.4,1.8,1.0,16.0,17.4,-0.1,0.3,0.2,0.013999999999999999,-3.1,-0.7,-3.8,-0.2,"$3,440,356"
Cameron Payne,PG,24,CLE,9,176,15.3,0.596,0.455,0.29100000000000004,1.8,10.6,6.0,20.0,2.3,1.5,15.1,18.1,0.2,0.1,0.3,0.08199999999999999,0.1,-0.8,-0.7,0.1,"$3,440,356"
Elfrid Payton,PG,24,NOP,42,1250,14.0,0.502,0.255,0.18,4.1,14.0,9.1,33.5,1.6,1.1,20.1,18.3,0.6,0.9,1.5,0.057999999999999996,-0.7,-0.7,-1.4,0.2,"$3,000,000"
Gary Payton II,PG,26,WAS,3,16,36.9,0.688,0.25,0.0,6.7,6.9,6.8,45.1,8.9,5.3,11.1,23.8,0.1,0.0,0.1,0.358,8.3,10.6,18.9,0.1,"$85,457"
Theo Pinson,SG,23,BRK,18,211,8.1,0.49,0.63,0.301,2.0,15.9,9.0,14.1,1.4,0.0,17.9,20.0,-0.2,0.2,0.0,0.004,-3.6,0.4,-3.2,-0.1,"$77,250"
Mason Plumlee,C,28,DEN,82,1731,17.8,0.602,0.023,0.44799999999999995,10.3,22.5,16.4,19.5,1.9,3.9,19.2,16.2,2.9,2.9,5.8,0.16,-0.5,2.6,2.1,1.8,"$12,917,808"
Miles Plumlee,C,30,ATL,18,173,18.9,0.654,0.0,0.625,9.5,14.3,11.8,14.7,1.6,2.0,14.0,16.7,0.4,0.1,0.5,0.145,1.6,0.0,1.6,0.2,"$12,400,000"
Jakob Poeltl,C,23,SAS,77,1273,19.4,0.64,0.0,0.317,15.4,19.7,17.6,10.0,1.1,4.5,12.7,13.1,3.5,1.6,5.1,0.193,1.3,0.7,2.0,1.3,"$2,947,320"
Quincy Pondexter,SF,30,SAS,53,292,13.2,0.6409999999999999,0.31,0.7240000000000001,3.0,14.1,8.6,10.6,1.8,0.3,14.5,13.5,0.5,0.3,0.8,0.128,-1.6,0.7,-0.9,0.1,"$2,165,481"
Otto Porter,SF,25,TOT,56,1683,15.9,0.569,0.39799999999999996,0.149,3.4,17.0,10.1,10.6,2.3,1.6,8.7,19.1,1.8,1.5,3.2,0.09300000000000001,0.8,0.1,0.9,1.2,"$26,011,913"
Otto Porter,SF,25,WAS,41,1191,15.0,0.551,0.39799999999999996,0.145,3.6,17.7,10.5,9.6,2.5,1.6,7.8,18.2,1.0,1.1,2.1,0.085,0.0,0.3,0.3,0.7,"$26,011,913"
Otto Porter,SF,25,CHI,15,492,18.0,0.609,0.39799999999999996,0.159,3.1,15.4,9.2,13.0,1.8,1.6,10.4,21.3,0.8,0.4,1.1,0.11199999999999999,2.6,-0.4,2.2,0.5,"$26,011,913"
Bobby Portis,PF,23,TOT,50,1299,16.1,0.529,0.304,0.154,9.0,24.9,16.8,8.8,1.3,1.3,9.9,24.6,0.5,1.1,1.6,0.06,-0.2,-2.3,-2.4,-0.1,"$2,494,346"
Bobby Portis,PF,23,CHI,22,531,17.2,0.529,0.266,0.185,9.3,23.8,16.5,9.2,1.0,1.3,9.0,26.5,0.3,0.4,0.7,0.062,0.5,-2.4,-1.9,0.0,"$2,494,346"
Bobby Portis,PF,23,WAS,28,768,15.3,0.53,0.33299999999999996,0.132,8.8,25.7,17.1,8.4,1.5,1.3,10.6,23.3,0.2,0.7,0.9,0.057999999999999996,-0.6,-2.2,-2.8,-0.2,"$2,494,346"
Dwight Powell,C,27,DAL,77,1662,20.4,0.682,0.261,0.523,9.1,17.3,13.2,10.7,1.3,2.6,10.1,17.2,5.6,1.9,7.5,0.215,2.0,0.9,2.9,2.1,"$9,631,250"
Norman Powell,SG,25,TOR,60,1126,13.3,0.596,0.425,0.188,1.6,11.5,6.7,11.6,1.7,1.0,13.1,19.0,1.0,1.4,2.4,0.102,-0.9,0.2,-0.7,0.4,"$9,367,200"
Alex Poythress,PF,25,ATL,21,305,12.2,0.5710000000000001,0.284,0.358,9.8,16.6,13.1,7.7,0.6,2.8,12.2,14.2,0.4,0.2,0.5,0.086,-2.5,-1.0,-3.5,-0.1,"$77,250"
Zhou Qi,PF,23,HOU,1,1,80.4,1.0,0.0,0.0,0.0,0.0,0.0,0.0,0.0,0.0,0.0,43.4,0.0,0.0,0.0,1.261,40.1,11.9,52.0,0.0,"$1,378,242"
Ivan Rabb,PF,21,MEM,49,721,16.1,0.586,0.071,0.325,10.7,21.5,16.0,12.0,1.2,1.8,12.6,17.2,1.2,0.9,2.1,0.13699999999999998,-1.1,-0.3,-1.4,0.1,"$1,378,242"
Chasson Randle,PG,25,WAS,49,743,9.9,0.555,0.53,0.28600000000000003,1.4,6.8,4.1,17.5,1.6,0.3,15.0,16.4,0.4,0.2,0.6,0.040999999999999995,-2.7,-1.3,-4.0,-0.4,"$975,824"
Julius Randle,PF,24,NOP,73,2232,21.0,0.6,0.179,0.447,7.6,21.6,14.7,15.8,1.1,1.6,13.8,27.8,4.2,1.9,6.1,0.131,2.1,-0.6,1.5,2.0,"$8,641,000"
Davon Reed,SG,23,IND,10,47,8.1,0.5,0.33299999999999996,0.0,4.8,9.2,7.1,8.5,1.0,0.0,7.7,12.1,0.0,0.0,0.1,0.064,-3.3,-2.2,-5.5,0.0,"$752,250"
Josh Richardson,SG,25,MIA,73,2539,14.0,0.536,0.44799999999999995,0.225,2.3,8.8,5.5,17.9,1.5,1.2,9.1,20.9,3.0,2.6,5.6,0.106,0.1,0.2,0.3,1.5,"$9,367,200"
Malachi Richardson,SG,23,TOR,22,103,0.9,0.48100000000000004,0.862,0.172,2.2,11.2,6.8,0.0,0.5,0.0,20.4,16.4,-0.2,0.1,-0.1,-0.06,-6.6,-2.1,-8.8,-0.2,"$1,569,360"
Austin Rivers,SG,26,TOT,76,2028,7.7,0.503,0.5720000000000001,0.166,1.3,7.5,4.4,11.5,1.1,1.0,10.0,14.5,0.4,0.8,1.2,0.027999999999999997,-3.3,-1.0,-4.3,-1.1,"$13,155,324"
Austin Rivers,SG,26,WAS,29,683,6.8,0.49,0.546,0.237,1.6,9.8,5.6,11.2,1.2,1.2,14.4,15.5,-0.4,0.2,-0.2,-0.013999999999999999,-4.1,-1.2,-5.3,-0.6,"$13,155,324"
Austin Rivers,SG,26,HOU,47,1345,8.2,0.511,0.585,0.13,1.2,6.4,3.7,11.7,1.1,0.8,7.4,13.9,0.8,0.6,1.4,0.05,-2.9,-0.9,-3.8,-0.6,"$13,155,324"
Devin Robinson,SF,23,WAS,7,95,20.6,0.616,0.063,0.43799999999999994,6.7,16.2,11.4,9.5,2.0,5.3,5.0,17.9,0.2,0.1,0.3,0.175,0.8,1.1,1.9,0.1,"$77,250"
Duncan Robinson,PF,24,MIA,15,161,7.6,0.514,0.7609999999999999,0.13,1.3,11.2,6.3,4.4,1.5,0.0,7.6,14.0,0.0,0.2,0.2,0.051,-3.4,0.0,-3.4,-0.1,"$77,250"
Glenn Robinson III,SF,25,DET,47,610,8.7,0.511,0.35200000000000004,0.22699999999999998,2.9,10.0,6.4,5.1,1.1,1.1,8.5,15.0,0.1,0.6,0.7,0.054000000000000006,-2.8,-0.1,-3.0,-0.2,"$4,075,000"
Jerome Robinson,SG,21,LAC,33,320,7.2,0.491,0.518,0.08199999999999999,1.0,12.2,6.8,8.3,1.6,0.7,10.2,16.7,-0.2,0.3,0.1,0.012,-4.2,-0.5,-4.7,-0.2,"$3,050,160"
Mitchell Robinson,C,20,NYK,66,1360,22.0,0.6920000000000001,0.0,0.46399999999999997,13.3,19.4,16.3,4.2,1.8,10.0,9.1,12.1,4.0,2.2,6.1,0.217,0.1,2.4,2.5,1.6,"$1,485,440"
Rajon Rondo,PG,32,LAL,46,1369,12.1,0.473,0.32899999999999996,0.083,2.6,15.5,9.2,35.5,1.9,0.4,22.1,17.4,-0.2,1.5,1.3,0.047,-1.7,0.2,-1.5,0.2,"$9,000,000"
Derrick Rose,PG,30,MIN,51,1392,19.5,0.557,0.19399999999999998,0.212,2.5,8.3,5.4,26.4,1.1,0.7,9.1,27.3,2.6,0.3,3.0,0.102,3.2,-1.7,1.4,1.2,"$2,176,260"
Terrence Ross,SG,27,ORL,81,2150,15.4,0.561,0.551,0.14,1.3,12.8,7.0,9.9,1.6,1.1,7.6,23.9,1.7,2.6,4.3,0.095,1.1,-0.3,0.8,1.5,"$10,500,000"
Terry Rozier,PG,24,BOS,79,1791,12.9,0.501,0.506,0.14,1.9,16.4,9.1,17.7,1.8,1.0,8.8,18.6,0.9,2.3,3.2,0.086,-0.7,0.5,-0.2,0.8,"$3,050,389"
Ricky Rubio,PG,28,UTA,68,1899,14.0,0.52,0.348,0.312,1.9,11.8,6.9,32.1,2.3,0.4,17.8,22.7,0.9,2.8,3.7,0.095,-1.0,0.8,-0.2,0.9,"$14,800,000"
D'Angelo Russell,PG,22,BRK,81,2448,19.4,0.5329999999999999,0.419,0.135,2.3,11.2,6.8,41.3,1.9,0.6,13.6,31.9,2.4,2.6,5.0,0.09699999999999999,4.0,-0.6,3.4,3.4,"$7,019,698"
Domantas Sabonis,C,22,IND,74,1838,21.9,0.63,0.024,0.41600000000000004,11.5,29.8,20.8,18.2,1.3,1.5,16.2,23.5,4.3,3.3,7.6,0.19699999999999998,1.9,1.3,3.1,2.4,"$2,659,800"
Brandon Sampson,SG,21,CHI,14,214,8.5,0.5670000000000001,0.483,0.1,1.5,6.7,4.1,6.8,1.8,1.2,16.1,15.2,-0.1,0.1,0.0,0.01,-3.9,-0.9,-4.7,-0.1,"$77,250"
JaKarr Sampson,SF,25,CHI,4,127,22.5,0.633,0.259,0.389,4.2,23.4,13.7,5.3,1.5,2.0,5.9,23.1,0.3,0.1,0.5,0.17300000000000001,3.6,0.2,3.7,0.2,"$85,457"
Mike Scott,PF,30,TOT,79,1395,8.6,0.528,0.6,0.079,3.4,17.2,10.5,6.4,0.9,0.7,9.2,14.4,0.4,1.2,1.6,0.053,-1.9,-0.7,-2.5,-0.2,"$4,320,500"
Mike Scott,PF,30,LAC,52,748,9.4,0.521,0.578,0.078,3.5,20.6,12.3,8.1,1.1,0.8,10.2,14.9,0.1,0.7,0.9,0.055,-1.5,0.0,-1.5,0.1,"$4,320,500"
Mike Scott,PF,30,PHI,27,647,7.7,0.537,0.626,0.079,3.2,13.2,8.3,4.6,0.7,0.6,8.0,13.8,0.2,0.5,0.7,0.052000000000000005,-2.3,-1.4,-3.7,-0.3,"$4,320,500"
Thabo Sefolosha,SF,34,UTA,50,609,12.1,0.599,0.523,0.14800000000000002,1.4,20.1,10.9,6.1,3.4,0.7,13.6,12.9,0.2,1.2,1.5,0.115,-1.6,3.1,1.5,0.5,"$5,250,000"
Wayne Selden,SG,24,TOT,75,1439,8.3,0.491,0.36,0.19,2.8,11.0,6.9,11.3,1.1,0.8,13.1,18.4,-1.0,0.8,-0.3,-0.009000000000000001,-3.8,-1.6,-5.4,-1.2,"$1,544,951"
Wayne Selden,SG,24,MEM,32,455,8.8,0.495,0.391,0.18,3.9,7.0,5.4,12.4,1.1,1.2,11.7,19.3,-0.2,0.3,0.1,0.013999999999999999,-3.3,-1.1,-4.4,-0.3,"$1,544,951"
Wayne Selden,SG,24,CHI,43,984,8.1,0.489,0.345,0.196,2.3,12.8,7.5,10.8,1.1,0.6,13.8,18.0,-0.8,0.4,-0.4,-0.019,-4.0,-1.8,-5.9,-1.0,"$1,544,951"
Collin Sexton,PG,20,CLE,82,2605,12.0,0.52,0.245,0.21100000000000002,2.3,8.0,5.0,15.3,0.8,0.2,12.3,25.2,-0.1,-0.5,-0.6,-0.011000000000000001,-1.4,-3.3,-4.7,-1.8,"$4,073,760"
Landry Shamet,SG,21,TOT,79,1802,11.0,0.604,0.711,0.16699999999999998,1.3,6.4,3.9,9.0,1.0,0.4,7.0,15.0,2.7,0.9,3.6,0.095,-0.3,-1.3,-1.6,0.2,"$1,705,920"
Landry Shamet,SG,21,PHI,54,1108,10.7,0.606,0.706,0.156,1.4,5.9,3.7,7.4,1.0,0.6,6.6,15.0,1.6,0.6,2.2,0.096,-0.7,-1.1,-1.9,0.0,"$1,705,920"
Landry Shamet,SG,21,LAC,25,694,11.3,0.601,0.7190000000000001,0.18600000000000003,1.1,7.3,4.3,11.5,0.9,0.2,7.7,15.0,1.1,0.3,1.4,0.094,0.4,-1.6,-1.2,0.1,"$1,705,920"
Iman Shumpert,SG,28,TOT,62,1481,9.1,0.499,0.612,0.10099999999999999,1.9,11.4,6.5,9.9,1.9,1.4,9.7,14.5,0.1,1.2,1.4,0.045,-2.4,0.5,-1.9,0.0,"$11,011,234"
Iman Shumpert,SG,28,SAC,42,1099,10.1,0.511,0.58,0.11800000000000001,1.7,10.6,6.0,10.7,2.0,1.6,9.4,15.2,0.3,0.9,1.2,0.054000000000000006,-1.9,0.6,-1.3,0.2,"$11,011,234"
Iman Shumpert,SG,28,HOU,20,382,6.3,0.456,0.7240000000000001,0.040999999999999995,2.3,13.6,7.8,7.6,1.5,0.9,10.7,12.7,-0.2,0.3,0.2,0.019,-4.0,0.2,-3.7,-0.2,"$11,011,234"
Pascal Siakam,PF,24,TOR,80,2548,18.7,0.628,0.226,0.32,5.4,17.5,11.6,14.6,1.4,1.7,12.5,20.8,5.7,3.6,9.3,0.175,1.6,0.8,2.4,2.8,"$1,544,951"
Jordan Sibert,SG,26,ATL,1,4,29.7,1.5,1.0,0.0,0.0,0.0,0.0,0.0,0.0,0.0,0.0,10.2,0.0,0.0,0.0,0.183,13.7,2.2,16.0,0.0,"$47,370"
Ben Simmons,PG,22,PHI,79,2700,20.0,0.5820000000000001,0.006,0.446,6.9,20.0,13.7,34.2,2.0,1.8,19.3,22.1,4.6,3.6,8.2,0.146,2.2,1.3,3.6,3.8,"$6,434,520"
Jonathon Simmons,SG-SF,29,TOT,56,1064,8.5,0.466,0.297,0.27699999999999997,2.7,10.0,6.3,16.7,1.3,1.2,14.8,18.7,-0.8,1.1,0.3,0.013000000000000001,-3.9,-0.3,-4.2,-0.6,"$6,000,000"
Jonathon Simmons,SG,29,ORL,41,845,7.4,0.445,0.29,0.252,2.9,9.9,6.3,15.7,1.0,1.4,15.0,19.3,-1.0,0.8,-0.2,-0.01,-4.6,-0.5,-5.2,-0.7,"$6,000,000"
Jonathon Simmons,SF,29,PHI,15,219,12.9,0.5529999999999999,0.32799999999999996,0.391,2.0,10.3,6.3,20.7,2.4,0.4,13.8,16.7,0.2,0.2,0.5,0.10099999999999999,-1.3,0.5,-0.8,0.1,"$6,000,000"
Kobi Simmons,PG,21,CLE,1,2,0.0,,,,0.0,0.0,0.0,0.0,0.0,0.0,,0.0,0.0,0.0,0.0,-0.033,-7.4,-3.2,-10.6,0.0,"$76,236"
Anfernee Simons,SG,19,POR,20,141,11.1,0.535,0.46,0.254,2.3,7.4,4.9,13.7,0.3,0.0,13.6,24.3,0.0,0.0,0.1,0.02,-1.5,-3.7,-5.3,-0.1,"$1,837,800"
Marcus Smart,SG,24,BOS,80,2200,13.1,0.568,0.61,0.228,2.8,8.6,5.7,19.1,3.1,1.1,16.5,14.6,2.2,3.1,5.3,0.11599999999999999,-1.2,2.0,0.8,1.5,"$11,160,716"
Jason Smith,PF-C,32,TOT,20,190,9.8,0.49200000000000005,0.441,0.271,9.0,20.2,14.6,9.7,0.7,3.1,16.4,17.5,0.0,0.2,0.2,0.038,-3.7,-1.0,-4.7,-0.1,"$5,450,000"
Jason Smith,C,32,WAS,12,130,11.7,0.52,0.27,0.324,9.0,22.1,15.4,12.3,0.4,3.2,14.2,16.1,0.1,0.1,0.2,0.07,-2.7,-0.7,-3.4,0.0,"$5,450,000"
Jason Smith,PF,32,MIL,6,40,6.3,0.46799999999999997,0.6920000000000001,0.154,8.1,19.2,14.0,3.1,2.3,4.2,26.5,19.8,-0.1,0.1,0.0,-0.02,-6.8,-0.1,-6.9,-0.1,"$5,450,000"
Jason Smith,C,32,NOP,2,20,4.6,0.405,0.778,0.222,10.5,10.2,10.4,6.2,0.0,0.0,9.2,22.3,0.0,0.0,0.0,-0.049,-4.4,-4.4,-8.8,0.0,"$5,450,000"
Zhaire Smith,SG,19,PHI,6,111,9.5,0.5329999999999999,0.47100000000000003,0.235,2.9,9.3,6.2,12.3,0.9,1.4,13.8,16.4,0.0,0.1,0.1,0.048,-2.8,-2.2,-5.0,-0.1,"$2,615,160"
Tony Snell,SF,27,MIL,74,1304,10.7,0.585,0.565,0.11599999999999999,2.4,9.4,6.1,6.7,0.9,1.2,5.7,12.9,1.6,1.6,3.2,0.11699999999999999,-1.0,0.3,-0.7,0.4,"$10,607,143"
Omari Spellman,PF,21,ATL,46,805,12.4,0.516,0.525,0.184,9.2,16.3,12.7,8.0,1.5,2.7,10.5,14.9,0.6,0.5,1.2,0.07,-0.5,-0.7,-1.2,0.2,"$1,622,520"
Nik Stauskas,SG,25,TOT,68,1015,10.9,0.545,0.556,0.18899999999999997,1.9,11.7,6.8,11.1,1.0,0.6,12.2,17.6,0.6,0.5,1.1,0.052000000000000005,-0.7,-1.2,-1.9,0.0,"$2,161,886"
Nik Stauskas,SG,25,POR,44,673,10.8,0.545,0.546,0.157,1.6,10.8,6.3,12.6,1.0,0.5,14.0,17.9,0.3,0.4,0.8,0.055,-0.9,-0.8,-1.6,0.1,"$2,161,886"
Nik Stauskas,SG,25,CLE,24,342,11.3,0.544,0.578,0.257,2.5,13.2,7.6,8.0,1.0,0.8,8.3,16.9,0.3,0.0,0.3,0.046,-0.5,-2.1,-2.5,0.0,"$2,161,886"
Lance Stephenson,SG,28,LAL,68,1123,11.8,0.529,0.456,0.16899999999999998,3.0,16.5,9.9,17.3,1.7,0.5,15.6,20.3,-0.1,1.2,1.1,0.049,-1.6,0.1,-1.5,0.1,"$4,449,000"
Edmond Sumner,PG,23,IND,23,210,7.6,0.44299999999999995,0.42200000000000004,0.375,4.9,7.8,6.3,6.3,2.8,2.1,11.8,17.6,-0.2,0.3,0.1,0.02,-5.8,0.5,-5.3,-0.2,"$449,794"
Caleb Swanigan,PF,21,TOT,21,178,4.7,0.377,0.132,0.17,10.2,27.6,19.1,8.0,1.6,0.5,24.0,17.7,-0.5,0.2,-0.2,-0.06,-7.1,0.0,-7.2,-0.2,"$1,740,000"
Caleb Swanigan,PF,21,POR,18,145,3.1,0.37200000000000005,0.114,0.159,9.8,28.0,19.1,6.2,1.3,0.0,25.4,18.4,-0.4,0.2,-0.3,-0.086,-7.9,-0.3,-8.2,-0.2,"$1,740,000"
Caleb Swanigan,PF,21,SAC,3,33,11.7,0.405,0.222,0.222,12.2,25.6,18.7,15.6,2.8,2.6,16.8,14.9,0.0,0.1,0.0,0.053,-3.8,1.1,-2.7,0.0,"$1,740,000"
Jayson Tatum,SF,20,BOS,79,2455,15.1,0.547,0.3,0.22,3.0,17.7,10.4,10.0,1.6,2.1,9.7,22.1,1.6,3.4,5.0,0.09699999999999999,-0.4,0.2,-0.2,1.1,"$6,700,800"
Jeff Teague,PG,30,MIN,42,1264,15.4,0.528,0.252,0.368,1.3,7.7,4.5,37.6,1.6,1.2,16.7,19.3,1.7,0.5,2.2,0.085,0.8,-1.2,-0.4,0.5,"$19,000,000"
Garrett Temple,SG,32,TOT,75,2040,8.5,0.5429999999999999,0.535,0.217,1.5,10.2,5.8,7.4,1.8,1.4,11.5,13.2,0.3,2.0,2.2,0.052000000000000005,-3.3,0.5,-2.8,-0.4,"$8,000,000"
Garrett Temple,SG,32,MEM,49,1530,8.6,0.551,0.5429999999999999,0.196,1.3,10.0,5.6,6.7,1.6,1.5,11.4,13.9,0.1,1.5,1.6,0.05,-3.1,0.4,-2.7,-0.3,"$8,000,000"
Garrett Temple,SG,32,LAC,26,510,8.0,0.514,0.509,0.292,2.1,10.9,6.7,9.4,2.4,0.8,11.8,11.2,0.2,0.5,0.6,0.061,-4.1,1.0,-3.1,-0.1,"$8,000,000"
Jared Terrell,SG,23,MIN,14,111,0.7,0.37200000000000005,0.436,0.154,1.0,4.9,2.9,14.4,1.3,1.5,19.4,19.6,-0.4,0.0,-0.3,-0.14,-8.5,-2.3,-10.9,-0.2,"$77,250"
Emanuel Terry,PF,22,TOT,3,23,19.7,0.5710000000000001,0.0,0.5710000000000001,14.1,19.6,16.8,12.2,6.2,0.0,18.6,20.1,0.0,0.0,0.1,0.11699999999999999,-0.2,2.4,2.3,0.0,"$94,740"
Emanuel Terry,PF,22,PHO,2,20,19.9,0.654,0.0,0.33299999999999996,10.9,22.5,16.6,8.0,7.2,0.0,22.5,19.1,0.0,0.0,0.1,0.127,-1.1,3.4,2.3,0.0,"$94,740"
Emanuel Terry,PF,22,MIA,1,3,18.4,0.266,0.0,2.0,35.4,0.0,17.7,40.5,0.0,0.0,0.0,26.8,0.0,0.0,0.0,0.045,5.9,-3.8,2.1,0.0,"$94,740"
Daniel Theis,C,26,BOS,66,908,17.0,0.624,0.252,0.28600000000000003,10.2,16.2,13.2,10.5,1.1,4.1,9.9,15.8,2.3,1.3,3.5,0.188,-0.8,0.9,0.0,0.5,"$1,378,242"
Isaiah Thomas,SG,29,DEN,12,181,7.0,0.43700000000000006,0.434,0.273,3.0,4.8,3.9,18.6,1.4,0.5,14.0,30.4,-0.4,0.1,-0.3,-0.077,-4.0,-2.5,-6.5,-0.2,"$2,029,463"
Khyri Thomas,SG,22,DET,26,195,6.2,0.413,0.507,0.159,2.2,9.3,5.6,6.0,1.8,2.2,5.1,17.2,-0.2,0.2,0.0,0.005,-4.9,-0.1,-5.0,-0.2,"$838,464"
Lance Thomas,PF,30,NYK,46,783,6.4,0.48200000000000004,0.401,0.183,2.7,13.1,7.8,5.0,1.0,0.8,10.1,12.9,-0.3,0.3,0.1,0.004,-4.8,-0.9,-5.7,-0.7,"$7,119,650"
Klay Thompson,SG,28,GSW,78,2652,16.6,0.5710000000000001,0.42700000000000005,0.113,1.6,10.1,6.0,10.5,1.5,1.5,7.2,25.6,2.9,2.3,5.3,0.095,1.1,-1.4,-0.3,1.2,"$18,988,725"
Tristan Thompson,C,27,CLE,43,1198,18.4,0.551,0.0,0.27899999999999997,15.4,25.7,20.3,11.2,1.2,1.2,12.1,17.7,2.1,0.5,2.6,0.105,1.4,-1.9,-0.5,0.4,"$17,469,565"
Sindarius Thornwell,SG,24,LAC,64,313,5.2,0.485,0.306,0.6940000000000001,1.7,12.8,7.5,7.2,2.1,1.8,23.8,11.3,-0.3,0.3,0.0,0.004,-5.8,1.0,-4.7,-0.2,"$1,378,242"
Anthony Tolliver,PF,33,MIN,65,1079,8.6,0.5710000000000001,0.83,0.23199999999999998,1.5,16.2,8.8,5.5,0.8,1.7,11.2,12.5,0.6,0.5,1.2,0.052000000000000005,-1.7,-0.7,-2.4,-0.1,"$5,750,000"
Karl-Anthony Towns,C,23,MIN,77,2545,26.3,0.622,0.27,0.342,10.9,29.3,20.0,17.2,1.3,4.2,13.7,28.9,7.2,3.2,10.4,0.19699999999999998,5.4,0.6,6.0,5.1,"$7,839,435"
Allonzo Trier,SG,23,NYK,64,1459,12.2,0.564,0.255,0.431,2.2,12.2,7.1,12.9,0.9,0.8,15.8,21.5,0.4,0.5,0.9,0.03,-1.6,-1.5,-3.1,-0.4,"$3,382,000"
Evan Turner,PG,30,POR,73,1605,11.6,0.504,0.11699999999999999,0.239,2.5,18.9,10.9,23.6,1.0,0.9,18.9,15.9,0.5,1.5,2.0,0.06,-1.8,0.5,-1.3,0.3,"$17,868,853"
Myles Turner,C,22,IND,74,2119,18.0,0.5670000000000001,0.251,0.258,5.4,22.0,13.9,8.0,1.4,8.4,10.3,20.0,1.9,4.4,6.3,0.14400000000000002,0.0,2.4,2.5,2.4,"$3,294,994"
Ekpe Udoh,C,31,UTA,51,320,20.9,0.698,0.0,0.41700000000000004,9.3,20.9,15.2,12.8,1.5,7.7,13.2,13.1,0.9,0.7,1.6,0.23800000000000002,0.8,3.9,4.7,0.5,"$3,360,000"
Tyler Ulis,PG,23,CHI,1,1,0.0,,,,0.0,0.0,0.0,0.0,0.0,0.0,,0.0,0.0,0.0,0.0,-0.015,-7.7,-2.7,-10.4,0.0,"$77,250"
Jarred Vanderbilt,PF,19,DEN,17,69,12.4,0.513,0.053,0.526,10.9,25.2,18.0,5.9,4.3,1.3,25.5,19.4,-0.1,0.1,0.1,0.037000000000000005,-5.2,1.0,-4.2,0.0,"$838,464"
Fred VanVleet,PG,24,TOR,64,1760,13.7,0.539,0.493,0.192,1.3,8.7,5.1,23.9,1.6,0.9,11.2,17.9,2.4,1.9,4.3,0.11699999999999999,0.4,0.1,0.5,1.1,"$8,653,847"
Noah Vonleh,PF,23,NYK,68,1722,13.9,0.561,0.311,0.355,6.7,25.8,16.0,11.1,1.3,2.5,14.7,14.8,1.5,1.7,3.2,0.09,-1.2,0.5,-0.7,0.6,"$1,621,415"
Dwyane Wade,SG,37,MIA,72,1885,15.8,0.51,0.272,0.243,3.9,12.2,8.0,26.5,1.5,1.8,13.5,27.9,0.1,2.3,2.4,0.061,0.8,-0.2,0.6,1.2,"$2,393,887"
Moritz Wagner,C,21,LAL,43,446,10.1,0.5329999999999999,0.45,0.31,4.0,15.4,9.8,7.4,1.1,2.4,16.7,21.7,-0.3,0.5,0.2,0.02,-3.9,-0.4,-4.3,-0.3,"$1,764,240"
Dion Waiters,SG,27,MIA,44,1138,11.4,0.53,0.605,0.092,0.7,10.2,5.4,16.4,1.2,0.7,11.4,21.1,0.1,1.1,1.2,0.052000000000000005,-0.5,-0.6,-1.1,0.3,"$12,705,000"
Kemba Walker,PG,28,CHO,82,2863,21.7,0.5579999999999999,0.434,0.267,1.9,11.9,6.8,29.4,1.7,1.0,10.1,31.5,5.5,1.9,7.4,0.12300000000000001,5.2,-1.0,4.2,4.4,"$12,000,000"
Lonnie Walker,SG,20,SAS,17,118,10.8,0.446,0.28300000000000003,0.217,0.0,15.6,7.9,10.3,2.9,2.2,7.4,20.3,-0.1,0.2,0.0,0.019,-3.4,1.0,-2.4,0.0,"$2,360,160"
John Wall,PG,28,WAS,32,1104,18.0,0.527,0.306,0.317,1.5,10.1,5.7,39.2,2.1,2.2,16.1,28.8,0.5,0.7,1.2,0.051,2.2,-1.4,0.9,0.8,"$19,169,800"
Tyrone Wallace,PG,24,LAC,62,628,7.0,0.45,0.08800000000000001,0.263,3.5,13.2,8.5,9.5,1.6,0.9,12.9,18.7,-0.8,0.5,-0.3,-0.023,-5.6,-0.8,-6.4,-0.7,"$1,349,383"
Taurean Prince,SF,24,ATL,55,1552,11.9,0.575,0.53,0.195,1.5,12.3,6.7,11.1,1.6,1.1,13.4,19.5,0.8,0.7,1.5,0.047,-1.0,-1.0,-2.0,0.0,"$2,526,840"
Brad Wanamaker,PG,29,BOS,36,343,14.3,0.597,0.371,0.267,0.9,11.8,6.4,22.5,1.7,0.5,13.9,17.1,0.6,0.4,1.0,0.134,-1.3,0.7,-0.7,0.1,"$838,464"
Julian Washburn,SF,27,MEM,18,254,6.5,0.402,0.5,0.083,3.5,14.8,9.1,7.7,2.5,0.7,12.3,10.0,-0.2,0.3,0.1,0.023,-5.1,0.5,-4.6,-0.2,"$77,250"
Yuta Watanabe,SF,24,MEM,15,174,3.3,0.35200000000000004,0.314,0.196,2.5,17.7,10.0,6.6,1.1,0.5,9.8,15.8,-0.4,0.2,-0.2,-0.065,-7.0,-2.1,-9.1,-0.3,"$77,250"
Thomas Welsh,C,22,DEN,11,36,16.1,0.648,0.5379999999999999,0.154,0.0,12.1,6.0,20.5,0.0,0.0,6.7,17.7,0.1,0.0,0.1,0.162,2.2,-1.1,1.2,0.0,"$77,250"
Russell Westbrook,PG,30,OKC,73,2630,21.1,0.501,0.27899999999999997,0.306,4.1,28.3,15.8,46.5,2.5,1.1,16.3,30.9,1.8,5.0,6.8,0.124,2.8,2.4,5.2,4.7,"$35,665,000"
Derrick White,PG,24,SAS,67,1728,14.8,0.555,0.262,0.22699999999999998,2.2,13.3,7.8,21.0,1.9,2.3,14.0,17.7,1.7,1.9,3.6,0.10099999999999999,-0.4,1.3,0.9,1.3,"$1,667,160"
Okaro White,PF,26,WAS,3,6,-4.5,0.0,1.0,0.0,17.8,18.4,18.1,0.0,0.0,0.0,0.0,14.1,0.0,0.0,0.0,-0.251,-9.0,-7.8,-16.8,0.0,"$247,827"
Hassan Whiteside,C,29,MIA,72,1674,23.5,0.564,0.024,0.35700000000000004,16.3,35.6,25.9,5.6,1.3,7.3,11.0,22.6,2.3,4.0,6.3,0.18,1.1,1.2,2.3,1.8,"$24,434,262"
Andrew Wiggins,SF,23,MIN,73,2543,12.4,0.493,0.28800000000000003,0.245,3.5,11.4,7.4,10.9,1.3,1.6,9.3,24.4,-0.6,1.3,0.6,0.012,-1.2,-1.8,-3.0,-0.6,"$25,467,250"
Alan Williams,PF,26,BRK,5,26,32.9,0.61,0.077,0.308,16.2,60.3,38.4,22.3,1.8,0.0,6.3,25.5,0.1,0.1,0.2,0.312,7.6,4.2,11.8,0.1,"$77,250"
Johnathan Williams,C,23,LAL,24,372,15.1,0.599,0.018000000000000002,0.436,13.6,13.9,13.7,4.9,1.0,1.5,10.9,16.4,0.7,0.3,1.0,0.135,-2.0,-1.1,-3.2,-0.1,"$127,250"
Kenrich Williams,SF,24,NOP,46,1079,9.7,0.485,0.5589999999999999,0.068,5.4,15.5,10.5,9.5,1.9,1.4,11.1,12.3,0.3,0.9,1.2,0.053,-2.3,0.4,-1.9,0.0,"$838,464"
Marvin Williams,PF,32,CHO,75,2133,12.6,0.5479999999999999,0.586,0.132,3.8,17.1,10.3,6.1,1.6,2.5,6.4,14.9,1.9,1.9,3.8,0.086,-0.4,0.2,-0.3,0.9,"$14,087,500"
Robert Williams,C,21,BOS,32,283,18.8,0.703,0.0,0.294,10.2,20.4,15.3,3.3,1.5,12.5,14.8,10.3,0.5,0.6,1.2,0.201,-1.7,3.4,1.8,0.3,"$1,656,600"
Troy Williams,SF,24,SAC,21,312,10.5,0.531,0.449,0.153,3.9,15.9,9.7,4.7,1.5,2.2,7.9,15.0,0.1,0.3,0.4,0.064,-2.4,0.0,-2.4,0.0,"$77,250"
Justise Winslow,SF,22,MIA,66,1959,12.8,0.513,0.342,0.183,3.4,15.9,9.6,21.9,1.8,0.9,14.9,20.8,0.2,2.6,2.8,0.067,-1.3,0.7,-0.6,0.7,"$3,448,926"
Christian Wood,PF,23,TOT,21,251,21.9,0.607,0.222,0.479,7.2,26.5,17.0,4.8,1.3,3.2,10.7,26.1,0.4,0.3,0.8,0.151,1.4,-1.0,0.4,0.1,"$1,512,601"
Christian Wood,PF,23,MIL,13,62,17.1,0.585,0.2,0.6,7.0,24.7,16.4,4.6,0.0,0.0,8.7,23.4,0.1,0.1,0.2,0.146,0.3,-1.5,-1.3,0.0,"$1,512,601"
Christian Wood,PF,23,NOP,8,189,23.4,0.613,0.228,0.446,7.2,27.0,17.3,4.9,1.7,4.3,11.3,26.9,0.3,0.3,0.6,0.152,1.7,-0.8,0.9,0.1,"$1,512,601"
Delon Wright,PG,26,TOT,75,1699,15.5,0.523,0.301,0.26899999999999996,4.4,12.8,8.6,21.6,2.5,1.6,11.0,18.1,1.9,2.4,4.3,0.121,0.1,1.4,1.5,1.5,"$2,536,898"
Delon Wright,PG,26,TOR,49,897,14.5,0.527,0.307,0.20800000000000002,4.8,10.1,7.5,16.8,2.5,1.4,10.4,17.1,1.0,1.3,2.3,0.12300000000000001,0.1,1.6,1.7,0.8,"$2,536,898"
Delon Wright,PG,26,MEM,26,802,16.6,0.519,0.294,0.336,4.0,15.9,9.9,26.9,2.6,1.8,11.6,19.2,0.9,1.1,2.0,0.11900000000000001,0.0,1.2,1.2,0.6,"$2,536,898"
Guerschon Yabusele,PF,23,BOS,41,251,12.4,0.542,0.364,0.28600000000000003,9.8,12.8,11.3,8.2,1.5,2.5,14.8,17.5,0.2,0.3,0.5,0.09,-2.5,-0.2,-2.7,0.0,"$2,667,600"
Nick Young,SG,33,DEN,4,37,2.3,0.5,0.889,0.0,0.0,2.9,1.5,6.8,0.0,2.4,18.2,12.7,0.0,0.0,0.0,-0.021,-4.3,-2.5,-6.9,0.0,"$284,020"
Thaddeus Young,PF,30,IND,81,2489,16.2,0.569,0.174,0.161,8.7,14.4,11.7,12.0,2.4,1.3,12.0,18.0,3.0,3.9,6.9,0.133,0.4,1.1,1.5,2.2,"$13,764,045"
Trae Young,PG,20,ATL,81,2503,17.0,0.539,0.384,0.33,2.6,10.2,6.3,40.5,1.3,0.5,17.6,28.4,2.5,0.7,3.3,0.062,2.3,-2.8,-0.6,0.9,"$5,363,280"
Cody Zeller,C,26,CHO,49,1243,17.2,0.611,0.064,0.409,9.4,19.7,14.5,12.1,1.5,2.9,13.2,16.3,2.6,1.2,3.9,0.15,-0.6,0.7,0.1,0.7,"$13,528,090"
Tyler Zeller,C,29,TOT,6,93,17.3,0.607,0.033,0.6,12.9,15.7,14.2,6.7,0.5,3.1,9.5,20.1,0.2,0.1,0.3,0.16699999999999998,-3.1,-1.9,-5.0,-0.1,"$213,948"
Tyler Zeller,C,29,ATL,2,11,1.5,0.0,0.5,0.0,18.7,39.1,28.7,10.6,0.0,0.0,0.0,7.4,0.0,0.0,0.0,-0.013000000000000001,-8.7,-1.6,-10.2,0.0,"$213,948"
Tyler Zeller,C,29,MEM,4,82,19.4,0.64,0.0,0.643,12.1,12.5,12.3,6.2,0.6,3.5,10.0,21.8,0.2,0.1,0.3,0.191,-2.3,-1.9,-4.3,0.0,"$213,948"
Ivica Zubac,C,21,TOT,59,1040,18.9,0.604,0.0,0.332,11.9,24.2,18.2,9.1,0.6,4.0,13.9,20.3,1.9,1.3,3.2,0.14800000000000002,-0.2,-0.2,-0.5,0.4,"$1,544,951"
Ivica Zubac,C,21,LAL,33,516,19.5,0.633,0.0,0.342,11.0,21.2,16.2,7.3,0.4,4.3,12.9,20.5,1.1,0.6,1.8,0.165,-0.3,0.1,-0.2,0.2,"$1,544,951"
Ivica Zubac,C,21,LAC,26,524,18.3,0.574,0.0,0.32299999999999995,12.7,27.2,20.2,10.9,0.9,3.6,14.8,20.1,0.7,0.7,1.4,0.132,-0.2,-0.5,-0.7,0.2,"$1,544,951"
