name,Pos,Age,Tm,G,MP,PER,TS%,3PAr,FTr,ORB%,DRB%,TRB%,AST%,STL%,BLK%,TOV%,USG%,OWS,DWS,WS,WS/48,OBPM,DBPM,BPM,VORP,salary,return
Jaylen Adams,PG,22,ATL,34,428,7.6,0.474,0.6729999999999999,0.08199999999999999,2.6,12.3,7.4,19.8,1.5,1.0,19.7,13.5,-0.1,0.2,0.1,0.011,-3.8,-0.5,-4.3,-0.2,236854,3.506332868771983
Steven Adams,C,25,OKC,80,2669,18.5,0.591,0.002,0.361,14.7,14.8,14.7,6.6,2.0,2.4,12.6,16.4,5.1,4.0,9.1,0.163,0.7,0.4,1.1,2.1,24157304,1.8841232638204652
Bam Adebayo,C,21,MIA,82,1913,17.9,0.623,0.031,0.465,9.2,24.0,16.6,14.2,1.8,3.0,17.1,15.8,3.4,3.4,6.8,0.171,-0.4,2.2,1.8,1.8,2955840,2.7821721090371265
LaMarcus Aldridge,C,33,SAS,81,2687,22.9,0.5760000000000001,0.032,0.312,10.3,19.8,15.1,11.6,0.8,3.4,8.8,26.9,6.4,2.9,9.3,0.16699999999999998,2.4,-0.6,1.8,2.6,22347015,2.010615961834161
Grayson Allen,SG,23,UTA,38,416,7.5,0.516,0.556,0.337,0.8,5.1,3.0,8.9,0.7,1.1,13.9,24.4,-0.4,0.4,0.0,0.002,-4.2,-2.1,-6.3,-0.5,2076960,2.5576331308173885
Jarrett Allen,C,20,BRK,80,2096,18.5,0.632,0.079,0.489,9.6,24.0,16.8,7.9,1.0,4.5,13.0,15.9,4.4,3.3,7.6,0.175,0.2,1.4,1.6,1.9,2034120,2.9587951584787446
Kadeem Allen,SG,26,NYK,19,416,16.2,0.574,0.255,0.383,2.0,11.1,6.4,28.7,1.9,0.8,13.6,19.6,0.7,0.2,1.0,0.111,0.3,0.3,0.6,0.3,77250,4.321616526445759
Al-Farouq Aminu,PF,28,POR,81,2292,13.2,0.568,0.472,0.292,5.3,22.6,14.2,6.0,1.4,1.2,9.7,13.7,3.0,2.8,5.8,0.121,0.1,0.6,0.7,1.5,6957105,2.2781453732159616
Justin Anderson,SF,25,ATL,48,463,11.2,0.516,0.49,0.223,5.3,13.9,9.5,6.9,2.2,2.4,11.8,17.2,0.1,0.4,0.4,0.043,-2.4,-0.3,-2.7,-0.1,2516047,2.6484992731584764
Kyle Anderson,SF,25,MEM,43,1281,12.8,0.569,0.123,0.232,4.1,18.1,11.0,15.0,2.1,2.7,16.0,12.6,0.8,1.8,2.7,0.1,-1.6,2.4,0.8,0.9,8641000,2.170645964512602
Giannis Antetokounmpo,PF,24,MIL,72,2358,30.9,0.644,0.163,0.55,7.3,30.0,19.3,30.3,1.8,3.9,14.8,32.3,8.9,5.5,14.4,0.292,6.3,4.1,10.4,7.4,24157304,2.106910014842286
OG Anunoby,SF,21,TOR,67,1352,9.8,0.544,0.5,0.153,4.8,10.8,7.9,4.7,1.6,1.3,11.3,15.5,0.3,1.7,2.0,0.07,-2.4,0.1,-2.4,-0.1,1952760,2.700577205205728
Ryan Arcidiacono,PG,24,CHI,81,1961,11.6,0.588,0.519,0.244,1.5,10.8,6.1,18.9,1.6,0.2,12.0,11.7,2.8,0.9,3.7,0.09,-2.0,0.1,-1.9,0.1,1349383,2.934322754767283
Trevor Ariza,SF,33,TOT,69,2349,12.0,0.534,0.59,0.223,2.3,15.2,8.6,14.8,1.8,0.7,11.6,16.6,1.3,1.2,2.5,0.052000000000000005,-0.7,-0.6,-1.3,0.4,15000000,1.9030899869919435
Trevor Ariza,SF,33,PHO,26,884,10.5,0.525,0.612,0.189,2.0,16.4,9.1,13.5,2.1,0.8,13.7,13.8,0.2,0.5,0.6,0.035,-1.1,0.0,-1.1,0.2,15000000,1.845098040014257
Trevor Ariza,SF,33,WAS,43,1465,13.0,0.5379999999999999,0.58,0.238,2.5,14.5,8.4,15.5,1.7,0.7,10.6,18.2,1.1,0.8,1.9,0.062,-0.5,-0.9,-1.4,0.2,15000000,1.9378520932511556
Deandre Ayton,C,20,PHO,71,2183,20.5,0.608,0.005,0.217,11.1,26.1,18.5,9.6,1.3,2.6,11.7,21.2,4.1,1.7,5.8,0.128,1.3,-1.1,0.2,1.2,8175840,2.399221477261818
Dwayne Bacon,SG,23,CHO,43,759,11.7,0.57,0.339,0.179,1.1,11.7,6.3,9.2,0.8,0.6,6.1,16.8,0.9,0.3,1.2,0.073,-2.1,-1.6,-3.7,-0.3,1378242,2.9288603814480663
Lonzo Ball,PG,21,LAL,47,1423,11.7,0.487,0.5,0.105,4.0,14.0,9.1,23.8,2.3,1.1,17.8,16.9,-0.2,1.7,1.6,0.052000000000000005,-1.6,1.3,-0.3,0.6,7461960,2.195332945080193
Mo Bamba,C,20,ORL,47,766,14.9,0.539,0.28800000000000003,0.259,8.8,24.0,16.3,7.4,0.8,7.0,13.7,17.8,0.3,1.4,1.7,0.106,-2.8,1.4,-1.4,0.1,4871280,2.4855431749809216
Harrison Barnes,PF-SF,26,TOT,77,2533,12.8,0.55,0.429,0.271,2.4,12.7,7.5,6.7,0.9,0.4,7.9,20.9,2.0,1.6,3.6,0.068,-0.2,-1.2,-1.4,0.4,24107258,1.725062153844891
Harrison Barnes,PF,26,DAL,49,1584,13.1,0.5379999999999999,0.434,0.276,2.4,11.5,7.0,6.3,1.0,0.6,7.8,23.7,0.8,1.1,1.9,0.059,0.0,-1.2,-1.2,0.3,24107258,1.7351234798527868
Harrison Barnes,SF,26,SAC,28,949,12.3,0.578,0.419,0.258,2.2,14.8,8.4,7.5,0.8,0.2,8.0,16.3,1.1,0.5,1.7,0.084,-0.5,-1.2,-1.7,0.1,24107258,1.7077572956364206
Will Barton,SF,28,DEN,43,1189,11.0,0.501,0.426,0.161,2.9,15.3,9.1,14.6,0.7,1.6,11.7,20.0,0.1,1.1,1.2,0.049,-1.1,-0.8,-1.8,0.0,11830358,1.9683947980897167
Keita Bates-Diop,SF,23,MIN,30,503,9.6,0.489,0.366,0.197,3.4,14.4,8.8,4.6,1.7,2.4,8.3,14.1,0.0,0.4,0.3,0.032,-2.8,-0.6,-3.4,-0.2,838464,3.0587868124146786
Nicolas Batum,SF,30,CHO,75,2354,11.9,0.581,0.53,0.158,3.2,14.9,8.9,14.5,1.5,1.6,16.3,13.2,2.0,1.7,3.7,0.076,-0.7,0.4,-0.3,1.0,24000000,1.6953357196809247
Jerryd Bayless,PG,30,MIN,34,657,8.5,0.431,0.426,0.122,1.8,8.4,5.0,24.6,1.3,0.3,11.7,17.6,-0.2,0.2,0.0,-0.003,-2.9,-1.7,-4.6,-0.4,8575916,1.9961384072036508
Aron Baynes,C,32,BOS,51,821,14.0,0.5670000000000001,0.274,0.278,11.4,19.8,15.6,9.3,0.7,3.7,13.8,15.2,1.3,1.1,2.4,0.139,-1.8,0.3,-1.5,0.1,5193600,2.4306595375321
Kent Bazemore,SG,29,ATL,67,1643,11.9,0.507,0.434,0.253,2.3,14.6,8.3,13.5,2.5,2.2,13.6,22.0,-0.7,1.4,0.7,0.021,-2.5,0.2,-2.3,-0.1,18089888,1.818111083373654
Bradley Beal,SG,25,WAS,82,3028,20.8,0.581,0.37,0.278,3.1,11.7,7.4,24.1,1.9,1.6,11.0,28.4,5.9,1.7,7.6,0.12,3.8,-0.8,2.9,3.7,25434262,1.91264419429193
Malik Beasley,SG,22,DEN,81,1879,14.2,0.599,0.55,0.09,2.0,9.5,5.8,7.5,1.4,0.5,6.7,18.7,2.9,1.6,4.5,0.115,0.8,-0.7,0.1,1.0,1773840,2.9033739003929138
Marco Belinelli,SG,32,SAS,79,1815,11.9,0.557,0.5720000000000001,0.18,1.0,10.8,5.9,10.1,0.9,0.4,8.8,19.8,1.4,1.1,2.5,0.065,-0.5,-1.2,-1.7,0.1,6153846,2.2864003375647863
Jordan Bell,C,24,GSW,68,788,12.9,0.531,0.01,0.214,7.8,16.7,12.5,12.3,1.2,5.4,16.7,13.7,0.5,1.1,1.6,0.096,-2.2,1.3,-0.9,0.2,1378242,2.971264230001154
Dragan Bender,PF,21,PHO,46,826,9.5,0.521,0.513,0.274,4.5,20.3,12.3,9.4,1.0,2.2,14.4,13.4,0.0,0.4,0.5,0.027000000000000003,-3.4,-0.8,-4.1,-0.5,4661280,2.309218413791025
Patrick Beverley,PG,30,LAC,78,2137,11.8,0.561,0.591,0.258,3.9,15.0,9.6,18.4,1.5,1.6,13.8,12.2,2.8,2.0,4.8,0.108,-0.3,1.2,0.9,1.5,5027028,2.3705707030982155
Khem Birch,C,26,ORL,50,643,19.2,0.64,0.006999999999999999,0.55,13.0,18.8,15.8,8.5,1.4,3.8,9.6,14.1,1.8,1.0,2.8,0.212,0.1,1.0,1.2,0.5,1378242,3.1439757484054542
Bismack Biyombo,C,26,CHO,54,783,14.4,0.602,0.0,0.583,11.0,23.3,17.0,5.9,0.7,4.6,14.8,12.7,1.2,0.8,2.0,0.125,-2.4,0.0,-2.5,-0.1,17000000,1.9279135707169757
Nemanja Bjelica,PF,30,SAC,77,1788,15.4,0.585,0.433,0.155,7.0,18.8,12.8,11.1,1.4,2.7,11.5,16.5,2.7,1.9,4.5,0.122,0.4,0.5,0.9,1.3,6500000,2.3746073641936074
Antonio Blakeney,SG,22,CHI,57,829,10.6,0.487,0.23,0.192,0.9,13.1,6.9,8.2,0.7,0.9,7.5,24.5,-0.8,0.3,-0.5,-0.03,-2.4,-2.7,-5.2,-0.7,1349383,2.895170630805135
Eric Bledsoe,PG,29,MIL,78,2272,19.3,0.5770000000000001,0.388,0.243,3.9,11.8,8.1,27.4,2.4,1.1,13.3,22.9,4.4,3.7,8.2,0.173,1.9,1.2,3.1,2.9,15000000,2.1094660499520925
Jaron Blossomgame,SF,25,CLE,27,439,10.2,0.51,0.368,0.123,6.3,19.1,12.4,4.2,0.8,1.6,9.0,12.2,0.2,0.1,0.3,0.03,-1.9,-1.8,-3.8,-0.2,77250,4.120701683665045
Jonah Bolden,PF,23,PHI,44,639,12.7,0.595,0.593,0.16699999999999998,8.0,19.0,13.7,8.5,1.3,4.8,17.2,13.8,0.5,0.9,1.4,0.106,-1.8,1.1,-0.7,0.2,1690000,2.8759170163422834
Devin Booker,SG,22,PHO,64,2242,20.2,0.584,0.33,0.362,1.9,11.3,6.5,34.1,1.2,0.5,15.4,32.9,3.3,0.3,3.5,0.076,3.3,-2.3,1.0,1.7,3314365,2.7849510353219444
Avery Bradley,SG,28,TOT,63,1905,7.6,0.496,0.403,0.08199999999999999,2.5,7.3,4.9,11.8,1.0,0.7,12.4,16.2,-0.6,1.0,0.3,0.009000000000000001,-2.8,-0.9,-3.7,-0.8,12000000,1.8016323462331665
Avery Bradley,SG,28,LAC,49,1463,5.5,0.464,0.41,0.06,2.6,6.7,4.7,8.8,0.9,0.9,12.4,14.2,-1.0,0.6,-0.3,-0.011,-3.7,-0.9,-4.6,-1.0,12000000,1.661181443446619
Avery Bradley,SG,28,MEM,14,442,14.5,0.565,0.388,0.133,2.0,9.3,5.6,21.6,1.6,0.0,12.3,22.9,0.3,0.4,0.7,0.07400000000000001,0.1,-1.0,-0.9,0.1,12000000,2.08218675618735
Corey Brewer,SF,32,TOT,31,492,11.6,0.532,0.358,0.35,5.4,10.7,8.0,10.2,3.0,1.2,11.8,13.6,0.4,0.6,1.0,0.095,-2.9,1.6,-1.3,0.1,2559925,2.656230747572601
Corey Brewer,SF,32,SAC,24,352,12.0,0.562,0.405,0.405,6.3,11.1,8.6,10.3,2.6,1.2,11.2,11.5,0.5,0.4,0.8,0.115,-2.0,1.6,-0.4,0.1,2559925,2.6709540043933075
Mikal Bridges,SF,22,PHO,82,2417,10.8,0.556,0.556,0.21,2.5,9.7,6.0,9.8,2.5,1.3,10.2,12.2,1.7,1.2,2.9,0.058,-2.0,0.4,-1.6,0.3,3557400,2.4822910547583423
Miles Bridges,SF,20,CHO,80,1696,13.1,0.5479999999999999,0.391,0.151,4.2,16.6,10.3,8.1,1.6,2.5,8.4,15.1,1.4,1.5,2.9,0.083,-0.9,0.1,-0.8,0.5,3206640,2.611221089949154
Isaiah Briscoe,PG,22,ORL,39,559,6.7,0.455,0.246,0.188,0.9,13.4,7.1,21.0,1.0,0.3,17.2,14.1,-0.3,0.5,0.3,0.023,-5.4,0.4,-5.0,-0.4,838464,2.9025903820759367
Ryan Broekhoff,SG,28,DAL,42,453,10.7,0.621,0.738,0.151,1.9,12.9,7.4,7.2,0.6,0.8,10.6,14.3,0.5,0.3,0.8,0.086,-0.5,-0.5,-1.0,0.1,838464,3.10589935706032
Malcolm Brogdon,SG,26,MIL,64,1832,17.8,0.614,0.326,0.203,3.8,11.7,8.0,16.2,1.2,0.6,10.0,20.7,4.2,2.3,6.5,0.171,2.0,0.1,2.2,1.9,1544951,3.061505292507314
MarShon Brooks,SG,30,MEM,29,387,11.6,0.518,0.32,0.195,3.4,9.7,6.5,11.0,1.2,1.0,10.3,23.6,-0.2,0.3,0.1,0.018000000000000002,-1.9,-1.1,-3.0,-0.1,1656092,2.845373529977023
Bruce Brown,SG,22,DET,74,1449,6.9,0.469,0.29600000000000004,0.191,3.5,10.7,7.0,8.8,1.4,2.1,11.9,11.5,-0.1,1.6,1.5,0.048,-4.4,1.0,-3.3,-0.5,838464,2.9153646701123654
Jaylen Brown,SG,22,BOS,74,1913,13.5,0.547,0.348,0.255,3.6,13.9,8.7,7.7,1.7,1.5,10.1,22.1,0.7,2.4,3.0,0.076,-1.6,-0.4,-2.1,0.0,5169960,2.416846585526108
Sterling Brown,SG,23,MIL,58,1034,10.9,0.563,0.471,0.135,3.0,14.4,9.0,10.7,1.1,0.7,12.2,15.2,0.7,1.4,2.1,0.098,-1.8,0.3,-1.5,0.1,1378242,2.8981010176425284
Jalen Brunson,PG,22,DAL,73,1591,12.8,0.5489999999999999,0.32,0.212,1.7,9.6,5.7,22.6,1.1,0.2,12.5,19.1,1.5,1.0,2.6,0.077,-1.2,-0.5,-1.7,0.1,1230000,3.0173048582084703
Thomas Bryant,C,21,WAS,72,1496,21.0,0.674,0.197,0.273,8.1,25.1,16.5,9.3,0.8,3.8,9.6,17.6,4.3,1.3,5.6,0.17800000000000002,2.3,-0.3,2.0,1.5,1378242,3.182893814435824
Reggie Bullock,SG,27,TOT,63,1879,10.5,0.563,0.662,0.14300000000000002,1.2,8.8,4.9,10.1,1.0,0.5,9.3,15.8,1.6,1.4,3.1,0.078,-0.7,-0.4,-1.1,0.4,2500000,2.6232492903979003
Reggie Bullock,SG,27,DET,44,1355,11.0,0.569,0.667,0.145,1.6,8.6,5.0,12.0,0.9,0.3,10.3,16.7,1.4,1.0,2.4,0.084,-0.1,-0.5,-0.6,0.5,2500000,2.6434526764861874
Reggie Bullock,SG,27,LAL,19,524,9.1,0.545,0.647,0.13699999999999998,0.4,9.3,4.9,5.0,1.4,1.1,6.3,13.7,0.2,0.4,0.7,0.061,-2.1,-0.1,-2.2,0.0,2500000,2.561101383649056
Trey Burke,PG,26,TOT,58,1125,16.5,0.524,0.29,0.226,2.6,6.7,4.6,24.1,1.4,0.5,7.5,24.8,1.4,0.5,1.9,0.081,1.5,-1.4,0.1,0.6,1795015,2.9634158621129334
Trey Burke,PG,26,NYK,33,689,15.6,0.496,0.24,0.209,2.2,7.3,4.7,23.6,1.5,0.6,6.9,26.1,0.4,0.2,0.6,0.044,0.9,-1.5,-0.6,0.2,1795015,2.9390565162534887
Trey Burke,PG,26,DAL,25,436,17.9,0.574,0.384,0.258,3.2,5.9,4.5,24.7,1.3,0.4,8.6,22.8,1.0,0.3,1.3,0.14,2.3,-1.1,1.2,0.3,1795015,2.9987849488789204
Alec Burks,SG,27,TOT,64,1375,12.7,0.523,0.354,0.297,2.3,17.0,9.4,13.7,1.4,1.3,10.8,19.0,0.7,0.8,1.5,0.052000000000000005,-0.6,-0.7,-1.2,0.3,11536515,2.041729085866848
Alec Burks,SG,27,CLE,34,979,13.2,0.517,0.35,0.28800000000000003,2.8,19.0,10.6,15.0,1.3,1.4,10.7,19.2,0.6,0.3,0.9,0.042,-0.2,-1.2,-1.4,0.1,11536515,2.0584992961167408
Jimmy Butler,SF-SG,29,TOT,65,2185,20.2,0.5710000000000001,0.213,0.404,6.0,10.5,8.3,18.0,2.7,1.4,8.2,22.3,5.4,2.5,7.9,0.173,2.8,0.9,3.7,3.2,19841627,2.0077740883144
Jimmy Butler,SG,29,MIN,10,361,22.3,0.579,0.287,0.389,4.7,10.8,7.7,18.2,3.2,2.4,7.1,23.0,1.0,0.4,1.3,0.17600000000000002,4.7,2.2,6.9,0.8,19841627,2.0507275819159374
Jimmy Butler,SF,29,PHI,55,1824,19.8,0.569,0.198,0.407,6.3,10.4,8.4,18.0,2.6,1.2,8.4,22.1,4.4,2.1,6.6,0.172,2.4,0.7,3.1,2.4,19841627,1.9990879091293077
Bruno Caboclo,PF,23,MEM,34,800,12.4,0.5710000000000001,0.578,0.222,5.8,16.5,11.1,9.4,0.9,3.9,13.3,15.9,0.6,0.9,1.5,0.09,-1.1,0.1,-1.1,0.2,705361,3.2450102416723143
Kentavious Caldwell-Pope,SG,25,LAL,82,2035,12.9,0.568,0.575,0.209,2.5,9.4,6.0,7.5,1.7,0.5,7.3,18.1,2.3,1.8,4.0,0.095,-0.3,-0.1,-0.5,0.8,12000000,2.031408464251624
Isaiah Canaan,PG,27,TOT,30,629,8.0,0.518,0.585,0.146,1.0,9.2,5.1,18.2,1.1,0.3,16.7,14.2,0.0,0.1,0.1,0.008,-2.7,-1.4,-4.1,-0.3,744671,3.0311255457109603
Isaiah Canaan,PG,27,PHO,19,503,7.3,0.515,0.5579999999999999,0.155,1.1,9.8,5.4,17.0,1.1,0.0,17.4,14.2,-0.1,0.0,-0.1,-0.006999999999999999,-3.3,-1.4,-4.6,-0.3,744671,2.991358418839473
Clint Capela,C,24,HOU,67,2249,23.8,0.6579999999999999,0.0,0.35700000000000004,14.4,27.6,20.8,7.1,1.0,3.9,10.0,18.2,7.8,3.0,10.8,0.23,3.3,-0.3,3.0,2.8,15793104,2.1781094617797394
DeMarre Carroll,PF,32,BRK,67,1703,12.1,0.546,0.539,0.421,4.2,17.3,10.8,7.2,0.9,0.5,9.7,18.6,1.5,1.6,3.1,0.08800000000000001,-0.9,-0.6,-1.5,0.2,15400000,1.895264649479987
Jevon Carter,PG,23,MEM,39,577,7.8,0.4320000000000001,0.551,0.173,2.7,10.3,6.4,17.4,2.2,1.8,14.2,18.0,-0.7,0.7,0.0,-0.003,-4.1,0.1,-4.0,-0.3,838464,2.9686101820655906
Vince Carter,PF,42,ATL,76,1330,11.8,0.565,0.675,0.141,2.4,13.2,7.7,9.3,1.5,1.8,8.8,16.7,1.2,0.7,1.9,0.07,-0.4,-0.3,-0.7,0.5,2393887,2.692778360999602
Michael Carter-Williams,PG,27,TOT,28,372,14.7,0.458,0.309,0.431,5.4,15.0,10.1,26.5,2.6,3.4,12.0,19.4,0.2,0.6,0.8,0.099,-1.4,2.2,0.8,0.3,1468082,3.000567020889558
Alex Caruso,PG,24,LAL,25,531,13.9,0.569,0.289,0.37,4.0,9.0,6.5,19.7,2.1,1.4,17.3,19.0,0.5,0.6,1.0,0.093,-1.0,0.7,-0.2,0.2,77250,4.255116312157223
Omri Casspi,SF,30,MEM,36,520,15.7,0.606,0.267,0.36,3.6,21.5,12.4,8.1,1.9,1.6,11.0,18.0,0.6,0.7,1.3,0.119,-0.3,0.7,0.4,0.3,2176260,2.8581888726790945
Willie Cauley-Stein,C,25,SAC,81,2213,18.0,0.5660000000000001,0.003,0.343,8.2,23.7,15.8,12.3,2.0,2.0,9.0,17.5,3.8,2.9,6.7,0.146,0.2,1.1,1.2,1.8,4696874,2.583463595300874
Tyson Chandler,C,36,TOT,55,875,11.2,0.63,0.01,0.879,11.1,25.3,18.3,5.3,1.1,2.2,23.4,8.5,0.9,1.2,2.1,0.114,-2.9,0.8,-2.1,0.0,13585000,1.916158379916272
Tyson Chandler,C,36,LAL,48,786,11.2,0.626,0.011,0.7929999999999999,11.4,23.6,17.6,4.8,1.1,2.3,23.0,8.0,0.9,1.1,1.9,0.117,-2.7,0.9,-1.8,0.0,13585000,1.916158379916272
Wilson Chandler,PF-SF,31,TOT,51,1177,8.5,0.537,0.579,0.092,4.4,14.6,9.7,9.1,1.0,1.4,13.9,11.8,0.5,1.0,1.5,0.062,-2.3,-0.5,-2.8,-0.2,12800562,1.8221898882429235
Wilson Chandler,PF,31,PHI,36,951,9.1,0.561,0.57,0.087,5.0,13.4,9.4,9.9,1.1,1.5,15.4,11.2,0.6,0.9,1.5,0.07400000000000001,-1.8,-0.2,-2.0,0.0,12800562,1.8518123548497245
Marquese Chriss,PF,21,TOT,43,499,9.2,0.455,0.4,0.25,8.6,23.6,15.8,6.5,1.7,1.9,15.3,20.6,-0.6,0.4,-0.2,-0.023,-5.7,-1.9,-7.5,-0.7,3206160,2.457802635783064
Marquese Chriss,PF,21,CLE,27,395,10.7,0.47,0.39,0.26,8.9,23.8,16.0,6.1,1.9,1.5,12.9,20.7,-0.3,0.2,0.0,-0.003,-4.6,-1.9,-6.6,-0.5,3206160,2.523398586122718
Gary Clark,PF,24,HOU,51,641,9.2,0.48,0.914,0.046,4.1,16.2,10.0,3.8,1.5,3.5,4.3,10.9,0.3,0.7,1.0,0.071,-1.1,0.4,-0.7,0.2,674122,3.13504932675669
Ian Clark,SG,27,NOP,60,973,8.3,0.502,0.527,0.097,1.4,8.0,4.7,12.9,1.1,0.7,12.7,19.3,-0.4,0.3,-0.1,-0.003,-3.3,-1.8,-5.1,-0.8,1757429,2.6742003037943523
Jordan Clarkson,SG,26,CLE,81,2214,16.8,0.539,0.377,0.163,3.9,9.9,6.8,15.6,1.3,0.5,9.6,27.6,1.9,-0.1,1.8,0.039,2.1,-2.6,-0.5,0.8,12500000,2.1283992687178066
John Collins,PF,21,ATL,61,1829,21.8,0.627,0.19,0.32,12.3,22.1,17.1,11.0,0.6,1.8,11.2,23.7,5.0,1.0,6.0,0.158,2.8,-1.9,0.9,1.3,2299080,2.9769024101325994
Zach Collins,C,21,POR,77,1356,13.5,0.562,0.303,0.315,8.8,16.5,12.7,7.1,0.9,3.9,14.5,16.6,1.4,1.5,2.9,0.104,-1.5,0.3,-1.2,0.3,3628920,2.5705563742656574
Darren Collison,PG,31,IND,76,2143,16.7,0.574,0.294,0.28800000000000003,1.9,9.9,6.0,29.9,2.5,0.4,14.4,17.7,3.9,2.9,6.8,0.153,0.8,1.0,1.8,2.1,10000000,2.2227164711475833
Mike Conley,PG,31,MEM,70,2342,21.4,0.569,0.38,0.363,1.9,9.7,5.7,33.4,2.0,0.9,9.1,27.3,5.7,2.3,8.0,0.16399999999999998,4.6,0.1,4.7,3.9,30521115,1.845813378093147
Pat Connaughton,SG,26,MIL,61,1261,13.6,0.573,0.5710000000000001,0.114,5.2,15.0,10.4,12.6,1.2,1.7,8.2,13.3,2.0,1.9,3.9,0.149,0.3,0.8,1.2,1.0,1641000,2.9184303273171244
Quinn Cook,PG,25,GSW,74,1059,13.1,0.565,0.456,0.059,2.3,13.0,7.9,15.2,0.9,0.2,10.0,20.2,1.0,0.8,1.8,0.08199999999999999,-0.5,-1.6,-2.1,0.0,1544951,2.928356585854184
DeMarcus Cousins,C,28,GSW,30,771,21.4,0.562,0.256,0.388,6.2,27.0,17.1,20.4,2.5,4.8,14.2,28.1,0.9,1.5,2.4,0.151,0.4,2.6,3.0,1.0,5337000,2.603116570545603
Robert Covington,SF,28,TOT,35,1203,13.3,0.58,0.622,0.246,2.5,14.6,8.5,5.2,2.9,3.2,10.5,15.6,0.9,1.6,2.5,0.1,-0.5,2.1,1.6,1.1,10464092,2.1041500916653444
Robert Covington,SF,28,PHI,13,440,11.0,0.578,0.6579999999999999,0.197,1.7,14.0,8.1,4.3,2.6,4.1,14.8,14.2,0.0,0.7,0.7,0.077,-1.7,2.2,0.5,0.3,10464092,2.0216911358564835
Robert Covington,SF,28,MIN,22,763,14.7,0.58,0.604,0.269,2.9,14.9,8.8,5.8,3.1,2.7,8.4,16.5,0.9,0.9,1.8,0.114,0.1,2.1,2.2,0.8,10464092,2.1476157854464346
Allen Crabbe,SG,26,BRK,43,1133,7.7,0.519,0.6940000000000001,0.15,1.5,12.2,6.9,5.8,1.0,0.9,10.4,16.4,-0.2,1.0,0.8,0.035,-2.4,-0.4,-2.8,-0.2,19332500,1.6002027063223951
Torrey Craig,SF,28,DEN,75,1503,10.4,0.547,0.519,0.193,6.4,12.6,9.5,6.3,1.2,2.7,10.1,12.4,1.4,1.7,3.0,0.096,-2.0,0.2,-1.9,0.0,2000000,2.716003343634799
Jamal Crawford,SG,38,PHO,64,1211,11.7,0.522,0.461,0.251,0.7,7.2,3.9,27.7,1.3,0.8,16.9,20.8,0.1,0.0,0.2,0.006,-1.1,-2.8,-3.9,-0.6,4698113,2.3962624034369147
Jae Crowder,SF,28,UTA,80,2166,12.1,0.5379999999999999,0.655,0.247,3.1,15.9,9.6,8.9,1.4,1.1,8.8,19.1,1.3,3.1,4.4,0.097,-0.3,0.6,0.3,1.2,7305825,2.2191161051841295
Dante Cunningham,PF,31,SAS,64,928,10.2,0.585,0.411,0.114,5.7,16.3,11.0,6.8,1.4,1.2,11.7,8.9,1.0,0.9,1.9,0.097,-1.3,0.6,-0.6,0.3,2487000,2.6129243864919816
Seth Curry,SG,28,POR,74,1399,11.4,0.595,0.54,0.112,2.1,6.9,4.6,6.5,1.2,0.7,11.1,16.6,1.5,0.9,2.4,0.08199999999999999,-0.4,-0.7,-1.0,0.3,2795000,2.6105230391140304
Stephen Curry,PG,30,GSW,69,2331,24.4,0.6409999999999999,0.604,0.214,2.2,14.2,8.4,24.2,1.9,0.9,11.6,30.4,7.2,2.5,9.7,0.199,7.1,-0.5,6.6,5.1,37457154,1.813855049803785
Troy Daniels,SG,27,PHO,51,760,9.8,0.5579999999999999,0.705,0.084,1.9,8.9,5.3,5.0,1.6,0.5,8.7,17.6,0.2,0.1,0.3,0.02,-1.7,-2.0,-3.7,-0.3,3258539,2.47820315245281
Anthony Davis,C,25,NOP,56,1850,30.3,0.597,0.141,0.422,9.9,27.5,18.8,19.0,2.2,6.0,8.4,29.5,6.4,3.1,9.5,0.247,7.1,2.3,9.4,5.3,25434263,2.0760234707562986
Ed Davis,C,29,BRK,81,1446,17.3,0.632,0.006999999999999999,0.536,15.8,34.6,25.2,6.0,1.2,1.8,14.6,12.7,3.3,2.5,5.7,0.191,-0.6,0.7,0.0,0.7,4449000,2.589783697380751
Dewayne Dedmon,C,29,ATL,64,1609,16.0,0.602,0.413,0.215,6.7,25.0,15.7,8.1,2.0,3.8,12.7,16.7,2.1,1.9,4.0,0.119,-0.3,0.8,0.5,1.0,6300000,2.404779433202343
Sam Dekker,PF,24,TOT,47,788,13.3,0.519,0.242,0.18,7.2,13.5,10.2,8.3,2.3,0.7,8.0,16.2,0.6,0.5,1.0,0.064,-1.0,-0.7,-1.8,0.1,2760094,2.682927767964865
Sam Dekker,PF,24,WAS,38,619,13.2,0.514,0.236,0.173,7.6,12.6,10.1,8.4,2.1,1.0,7.8,16.6,0.4,0.4,0.8,0.059,-1.0,-0.9,-1.9,0.0,2760094,2.679650058203629
Matthew Dellavedova,PG,28,TOT,48,812,11.1,0.532,0.537,0.215,0.8,9.9,5.2,31.9,0.8,0.2,20.4,17.9,0.5,0.0,0.5,0.028,-1.7,-2.8,-4.4,-0.5,9607500,2.0627125856502713
Matthew Dellavedova,PG,28,CLE,36,715,11.5,0.537,0.534,0.215,0.9,9.9,5.2,31.3,0.8,0.2,18.9,18.4,0.5,-0.1,0.4,0.026,-1.4,-3.0,-4.5,-0.4,9607500,2.0780874472172255
Luol Deng,SF,33,MIN,22,392,14.6,0.588,0.373,0.297,5.4,14.6,10.0,6.5,1.8,1.7,9.5,15.8,0.5,0.3,0.8,0.101,0.2,-0.3,0.0,0.2,16747954,1.9403910963986335
DeMar DeRozan,SG,29,SAS,77,2688,19.6,0.542,0.034,0.336,2.2,16.4,9.4,27.6,1.6,1.1,11.7,27.9,3.6,2.6,6.3,0.112,1.0,0.1,1.1,2.2,27739975,1.8491500060167205
Cheick Diallo,PF,22,NOP,64,896,17.5,0.644,0.015,0.247,8.8,29.3,19.2,5.1,1.5,3.0,14.0,16.0,1.4,1.2,2.6,0.14,-1.1,0.1,-0.9,0.2,1544951,3.054123338884714
Hamidou Diallo,SG,20,OKC,51,526,10.1,0.4970000000000001,0.145,0.358,7.2,12.0,9.5,4.4,1.9,1.6,10.7,16.6,0.1,0.7,0.8,0.069,-4.4,0.2,-4.2,-0.3,838464,3.080836953157753
Gorgui Dieng,C,29,MIN,76,1031,18.1,0.5720000000000001,0.149,0.281,8.3,24.1,16.1,10.3,2.2,3.4,11.9,19.6,1.5,1.3,2.8,0.132,-0.3,0.9,0.6,0.7,15170787,2.076670464030262
Spencer Dinwiddie,PG,25,BRK,68,1914,16.3,0.58,0.447,0.43,1.4,7.6,4.6,25.6,1.0,0.7,13.4,24.9,3.5,1.4,4.8,0.121,1.4,-0.8,0.6,1.3,1656092,2.993103145154062
Donte DiVincenzo,SG,22,MIL,27,411,9.1,0.507,0.669,0.097,4.2,11.4,8.0,9.7,1.5,1.2,12.8,15.1,0.0,0.6,0.6,0.069,-2.8,0.6,-2.2,0.0,2484360,2.5638268641478077
Tyler Dorsey,SG,22,TOT,48,698,11.2,0.509,0.5,0.231,4.2,13.7,8.9,12.4,1.0,0.3,8.5,19.7,0.2,0.4,0.6,0.043,-1.4,-2.1,-3.5,-0.3,1378242,2.9098925423720865
Tyler Dorsey,SG,22,MEM,21,447,13.1,0.541,0.531,0.2,4.4,13.3,8.8,14.2,0.8,0.2,8.2,20.7,0.4,0.3,0.7,0.073,-0.3,-2.4,-2.7,-0.1,1378242,2.977945815357669
Damyean Dotson,SG,24,NYK,73,2004,10.8,0.526,0.49,0.14,1.7,12.2,6.8,10.4,1.4,0.4,8.7,17.3,0.7,0.9,1.5,0.037000000000000005,-1.7,-0.9,-2.6,-0.3,1378242,2.8940982751888544
Andre Drummond,C,25,DET,79,2647,23.4,0.555,0.036000000000000004,0.392,16.8,34.7,25.4,7.2,2.5,4.4,12.4,22.9,4.1,5.9,10.0,0.181,1.3,0.8,2.1,2.7,25434262,1.9637967167393113
Jared Dudley,PF,33,BRK,59,1220,7.8,0.5539999999999999,0.632,0.192,2.9,10.4,6.7,9.2,1.4,1.0,14.2,10.4,0.6,1.2,1.8,0.07,-2.9,1.1,-1.8,0.1,9530000,1.9130017020521541
Kris Dunn,PG,24,CHI,46,1389,12.4,0.484,0.19,0.136,1.5,13.3,7.3,30.0,2.4,1.3,16.2,20.1,-0.5,1.2,0.6,0.022,-2.8,0.2,-2.7,-0.2,4221000,2.468006333007827
Kevin Durant,SF,30,GSW,78,2702,24.2,0.631,0.281,0.366,1.4,17.5,9.8,26.2,1.0,2.6,12.3,29.0,8.6,2.9,11.5,0.204,5.4,0.1,5.5,5.1,30000000,1.906694111260769
Wayne Ellington,SG,31,TOT,53,1297,11.8,0.569,0.8140000000000001,0.107,1.1,7.9,4.5,8.3,2.0,0.4,7.7,17.2,1.3,1.4,2.6,0.097,-0.3,0.3,0.0,0.7,8653076,2.1347114891642263
Wayne Ellington,SG,31,MIA,25,533,10.8,0.547,0.8420000000000001,0.087,1.2,8.2,4.7,7.8,2.2,0.5,6.8,16.5,0.4,0.6,1.0,0.091,-0.7,0.9,0.2,0.3,8653076,2.0962532373450506
Wayne Ellington,SG,31,DET,28,764,12.5,0.584,0.795,0.121,1.1,7.7,4.3,8.6,1.9,0.3,8.3,17.7,0.9,0.7,1.6,0.102,0.0,-0.1,-0.1,0.4,8653076,2.159739494866157
Joel Embiid,C,24,PHI,64,2154,26.1,0.593,0.219,0.541,8.1,34.0,21.4,18.4,1.0,4.4,13.2,33.3,4.9,3.8,8.7,0.194,4.0,0.9,4.9,3.8,25467250,2.010658455751375
James Ennis,SF,28,TOT,58,1230,11.0,0.59,0.531,0.276,5.3,10.9,8.1,4.7,1.6,1.6,9.3,12.7,1.6,1.0,2.6,0.103,-1.4,-0.2,-1.5,0.1,1621415,2.8314984987224987
James Ennis,SF,28,HOU,40,949,11.3,0.622,0.569,0.275,4.2,9.5,6.8,4.1,2.0,1.4,8.9,11.9,1.4,0.8,2.2,0.112,-1.0,0.1,-0.9,0.3,1621415,2.8431842570476933
Tyreke Evans,SG,29,IND,69,1402,11.5,0.483,0.327,0.242,2.7,13.0,7.9,17.5,2.0,1.1,13.9,26.4,-1.7,2.0,0.3,0.01,-2.4,-0.3,-2.7,-0.2,12400000,1.9672761551913767
Dante Exum,PG,23,UTA,42,664,11.2,0.516,0.257,0.35700000000000004,2.7,8.3,5.5,24.1,1.0,0.6,15.7,21.3,0.2,0.7,1.0,0.069,-2.0,-0.1,-2.1,0.0,10600000,2.0239121574054115
Kenneth Faried,C,29,TOT,37,728,21.6,0.622,0.094,0.374,14.4,23.4,18.8,4.6,1.1,2.7,9.7,20.3,2.1,0.9,2.9,0.193,1.3,-1.5,-0.2,0.3,14242782,2.1808589241223393
Kenneth Faried,C,29,HOU,25,610,21.8,0.622,0.09,0.3720000000000001,14.6,23.0,18.7,4.9,1.2,2.6,9.4,20.4,1.8,0.7,2.5,0.198,1.3,-1.6,-0.4,0.3,14242782,2.184861666576013
Derrick Favors,C,27,UTA,76,1766,21.8,0.624,0.126,0.368,12.9,21.3,17.2,8.0,1.5,4.8,10.5,19.4,4.4,3.5,7.9,0.215,1.8,1.5,3.3,2.4,16900000,2.110569788990931
Raymond Felton,PG,34,OKC,33,379,11.2,0.505,0.452,0.096,1.1,8.4,4.6,18.7,1.2,1.3,9.0,16.6,0.3,0.4,0.7,0.087,-1.7,0.4,-1.3,0.1,2393887,2.670114376363658
Terrance Ferguson,SG,20,OKC,74,1931,6.4,0.5660000000000001,0.6729999999999999,0.118,1.7,6.0,3.8,4.8,1.0,0.7,9.4,10.6,1.2,1.6,2.8,0.07,-3.9,0.1,-3.8,-0.9,2118840,2.480081810921337
Yogi Ferrell,PG,25,SAC,71,1067,12.7,0.55,0.423,0.19,1.2,9.5,5.3,17.0,1.6,0.3,9.5,16.3,1.3,0.6,1.9,0.087,-1.0,-0.4,-1.4,0.2,3000000,2.626682466236294
Dorian Finney-Smith,SF,25,DAL,81,1985,11.0,0.53,0.481,0.195,7.5,13.4,10.5,6.9,1.7,1.5,11.4,14.0,1.2,2.0,3.3,0.079,-1.8,0.4,-1.4,0.3,1544951,2.8524779753566447
Bryn Forbes,SG,25,SAS,82,2293,12.0,0.586,0.522,0.099,0.9,10.4,5.7,10.6,1.0,0.1,8.8,17.4,2.5,1.3,3.8,0.079,-0.3,-0.9,-1.2,0.5,3125000,2.584331224367531
Evan Fournier,SG,26,ORL,81,2553,12.3,0.536,0.421,0.159,1.6,9.4,5.4,17.6,1.4,0.4,11.9,22.1,0.8,2.5,3.2,0.061,-1.8,-0.6,-2.4,-0.3,17000000,1.859456190061124
De'Aaron Fox,PG,21,SAC,81,2546,18.1,0.544,0.211,0.378,1.7,10.8,6.2,33.2,2.4,1.5,15.0,24.5,3.2,2.5,5.6,0.106,1.3,0.2,1.5,2.3,5470920,2.5196182106332206
Tim Frazier,PG,28,TOT,59,1120,11.7,0.544,0.387,0.207,3.9,11.5,7.7,27.6,1.2,0.4,21.1,13.3,1.3,0.7,2.0,0.084,-1.4,-0.4,-1.8,0.1,1832107,2.8052350277022313
Tim Frazier,PG,28,NOP,47,909,11.6,0.552,0.395,0.21,3.7,11.8,7.8,28.0,1.3,0.4,22.0,12.3,1.1,0.4,1.5,0.081,-1.2,-0.2,-1.3,0.2,1832107,2.801507155182988
Channing Frye,C,35,CLE,36,341,8.9,0.524,0.675,0.12,1.2,16.4,8.5,8.6,0.9,1.3,9.5,17.5,0.1,0.0,0.1,0.016,-1.7,-1.8,-3.5,-0.1,2393887,2.570286360338389
Markelle Fultz,SG,20,PHI,19,427,10.5,0.452,0.09,0.239,6.6,10.6,8.7,19.5,1.9,0.9,12.7,19.3,-0.1,0.4,0.3,0.035,-3.3,0.2,-3.1,-0.1,8339880,2.1000294973186215
Danilo Gallinari,SF,30,LAC,68,2059,21.0,0.633,0.421,0.459,2.9,18.1,10.7,13.2,1.1,0.9,8.5,23.8,6.4,1.8,8.2,0.191,4.9,-0.5,4.3,3.3,21587579,1.9880153548497166
Langston Galloway,SG,27,DET,80,1745,10.7,0.534,0.647,0.16399999999999998,3.0,7.9,5.4,7.3,1.0,0.4,3.7,16.1,2.1,1.3,3.4,0.094,-0.9,-0.6,-1.5,0.2,7000000,2.184285737670953
Marc Gasol,C,34,TOT,79,2436,16.7,0.546,0.314,0.29100000000000004,3.6,25.1,14.3,22.2,1.7,3.2,13.6,20.7,2.0,4.0,6.0,0.118,0.8,2.3,3.1,3.1,24119025,1.8403567234704465
Marc Gasol,C,34,MEM,53,1788,16.9,0.541,0.324,0.294,3.5,25.5,14.3,22.6,1.7,3.3,13.4,22.3,1.0,2.8,3.9,0.104,1.1,2.1,3.2,2.3,24119025,1.8455269569365367
Marc Gasol,C,34,TOR,26,648,16.0,0.565,0.278,0.278,4.1,24.0,14.3,21.2,1.8,2.9,14.6,16.3,0.9,1.2,2.1,0.157,0.1,2.8,2.9,0.8,24119025,1.821760234978788
Pau Gasol,C,38,TOT,30,360,16.7,0.529,0.138,0.426,6.7,34.2,20.6,19.1,0.7,3.5,12.5,15.6,0.5,0.5,1.1,0.142,1.0,2.1,3.1,0.5,17133285,1.9888758320235012
Rudy Gay,PF,32,SAS,69,1842,17.5,0.583,0.247,0.197,3.8,23.9,13.9,14.7,1.4,1.6,12.3,22.1,2.2,2.2,4.4,0.115,0.8,0.6,1.4,1.6,10087200,2.2392674169692515
Paul George,SF,28,OKC,77,2841,23.3,0.583,0.469,0.335,3.7,19.6,11.4,17.7,2.8,1.0,10.0,29.5,7.0,4.9,11.9,0.201,5.6,1.6,7.2,6.6,30560700,1.8821926233914885
Taj Gibson,PF,33,MIN,70,1686,17.8,0.612,0.063,0.33,10.8,18.3,14.5,7.3,1.5,2.0,10.6,17.2,3.7,1.4,5.1,0.14400000000000002,0.3,-0.4,-0.1,0.8,14000000,2.104291966630656
Harry Giles,PF,20,SAC,58,820,14.4,0.526,0.017,0.261,8.1,20.1,14.0,15.2,1.8,2.3,15.8,23.2,0.0,1.0,1.0,0.056,-3.4,0.4,-3.0,-0.2,2207040,2.814552287786402
Shai Gilgeous-Alexander,PG,20,LAC,82,2174,13.4,0.5539999999999999,0.194,0.272,2.9,8.3,5.7,17.8,2.1,1.6,15.0,18.3,1.5,1.9,3.3,0.07400000000000001,-0.9,0.4,-0.5,0.8,3375360,2.598784698923505
Rudy Gobert,C,26,UTA,81,2577,24.6,0.682,0.0,0.733,13.2,30.2,21.9,9.6,1.2,5.8,12.1,17.8,8.7,5.7,14.4,0.268,3.0,2.5,5.4,4.8,23491573,2.02002300891463
Aaron Gordon,PF,23,ORL,78,2633,15.1,0.5379999999999999,0.332,0.242,5.2,18.4,11.7,16.6,1.1,1.8,12.3,21.8,1.8,3.3,5.1,0.093,0.3,0.3,0.6,1.7,21590909,1.8447060203191175
Eric Gordon,SG,30,HOU,68,2158,12.2,0.5489999999999999,0.64,0.162,0.9,6.9,3.8,9.4,0.9,1.1,8.2,22.0,1.7,1.0,2.6,0.059,0.5,-1.8,-1.3,0.4,13500375,1.9560139986116825
Marcin Gortat,C,34,LAC,47,751,12.8,0.562,0.0,0.258,9.8,26.5,18.4,12.0,0.4,2.5,19.4,14.4,0.6,0.8,1.4,0.08900000000000001,-1.7,0.4,-1.3,0.1,13565218,1.9747831921594459
Treveon Graham,SG,25,BRK,35,715,6.1,0.458,0.67,0.115,3.4,12.3,7.9,6.5,0.9,0.8,7.8,12.8,-0.1,0.6,0.5,0.033,-3.7,0.0,-3.7,-0.3,1512601,2.6056054518329077
Jerami Grant,PF,24,OKC,80,2612,13.8,0.5920000000000001,0.35600000000000004,0.269,3.7,13.1,8.2,4.2,1.1,3.2,6.8,15.4,4.0,3.3,7.3,0.134,-0.4,0.6,0.2,1.5,8333333,2.219060349820641
Jerian Grant,PG,26,ORL,60,939,10.8,0.526,0.5,0.182,2.1,9.1,5.6,22.4,2.3,0.5,17.7,13.4,0.5,1.1,1.7,0.085,-2.9,1.3,-1.6,0.1,2639313,2.611932858593084
Danny Green,SG,31,TOR,80,2216,13.0,0.632,0.69,0.07,3.0,12.2,7.7,7.7,1.6,2.0,10.4,14.1,3.0,2.9,5.9,0.128,1.1,0.8,2.0,2.2,10000000,2.113943352306837
Draymond Green,PF,28,GSW,66,2065,12.9,0.526,0.391,0.21600000000000005,3.2,20.8,12.4,26.8,2.2,2.8,26.8,13.1,1.1,3.2,4.3,0.1,-1.3,2.7,1.4,1.8,17469565,1.868307619308973
Gerald Green,SG,33,HOU,73,1473,11.4,0.555,0.763,0.118,2.2,11.7,6.8,4.1,1.1,1.6,8.3,19.5,0.9,1.0,1.9,0.061,-0.2,-1.5,-1.7,0.1,1512601,2.8771804681586133
JaMychal Green,PF,28,TOT,65,1371,14.7,0.5870000000000001,0.37,0.212,8.3,24.3,16.4,5.8,1.6,2.3,14.3,19.4,0.9,1.9,2.9,0.101,-1.3,-0.4,-1.7,0.1,8066667,2.2606232055413544
JaMychal Green,PF,28,MEM,41,900,14.9,0.58,0.308,0.256,8.8,22.8,15.7,6.5,1.8,2.7,15.6,20.4,0.4,1.4,1.8,0.094,-1.8,0.0,-1.8,0.1,8066667,2.2664921392054524
JaMychal Green,PF,28,LAC,24,471,14.3,0.6,0.488,0.128,7.4,27.3,17.7,4.3,1.2,1.3,11.7,17.6,0.5,0.6,1.1,0.113,-0.3,-1.2,-1.5,0.1,8066667,2.2486419082582403
Jeff Green,PF,32,WAS,77,2097,13.6,0.608,0.466,0.3,2.9,13.3,8.0,9.2,1.0,1.6,11.5,17.8,2.8,0.8,3.6,0.083,0.0,-1.4,-1.4,0.3,2393887,2.754435262063694
Blake Griffin,PF,29,DET,75,2622,21.0,0.581,0.389,0.41,4.0,20.1,11.8,27.1,1.0,0.9,13.8,30.2,5.1,2.9,8.0,0.147,4.9,0.2,5.1,4.7,31873932,1.8187836529555095
James Harden,PG,29,HOU,78,2867,30.6,0.616,0.539,0.449,2.5,17.8,10.0,39.5,2.7,1.7,14.5,40.5,11.4,3.8,15.2,0.254,9.4,1.6,11.0,9.3,30570000,2.000425987755491
Montrezl Harrell,C,25,LAC,82,2158,23.4,0.636,0.019,0.466,9.3,16.7,13.1,12.5,1.6,4.0,11.0,23.5,6.1,2.6,8.7,0.193,2.6,0.7,3.3,2.9,6000000,2.591064607026499
Devin Harris,PG,35,DAL,68,1071,10.7,0.527,0.5760000000000001,0.386,1.2,9.9,5.6,16.7,1.6,1.3,12.1,18.5,0.6,0.9,1.5,0.068,-2.6,0.4,-2.2,-0.1,2393887,2.650280131378686
Gary Harris,SG,24,DEN,57,1639,12.2,0.526,0.38,0.226,2.7,7.9,5.3,11.0,1.6,1.0,8.9,20.0,1.1,1.5,2.6,0.076,-1.2,-0.4,-1.6,0.2,16517857,1.8684061286979765
Joe Harris,SG,27,BRK,76,2293,13.5,0.645,0.516,0.17800000000000002,2.4,10.9,6.7,11.9,0.8,0.6,13.0,17.0,3.8,1.7,5.5,0.116,0.8,-0.3,0.5,1.4,8333333,2.2095150319144103
Tobias Harris,PF,26,TOT,82,2847,17.2,0.5920000000000001,0.313,0.245,2.6,20.8,12.0,12.5,0.8,1.0,9.8,22.8,4.5,2.6,7.1,0.12,2.1,-0.5,1.6,2.6,14800000,2.0652667315125917
Tobias Harris,PF,26,LAC,55,1903,18.2,0.605,0.302,0.256,2.1,21.3,12.0,12.5,1.0,1.0,10.3,23.5,3.2,1.8,5.0,0.127,2.7,-0.2,2.4,2.1,14800000,2.089809672590117
Tobias Harris,PF,26,PHI,27,944,15.3,0.562,0.338,0.221,3.7,19.7,11.9,12.6,0.6,1.1,8.8,21.3,1.2,0.9,2.1,0.105,0.9,-1.0,-0.1,0.5,14800000,2.0144297154226414
Shaquille Harrison,SG,25,CHI,73,1430,12.4,0.494,0.209,0.289,2.5,14.5,8.4,14.1,3.0,1.8,11.1,16.5,-0.1,1.6,1.4,0.048,-2.8,1.5,-1.3,0.2,1325531,2.971031796192702
Josh Hart,SG,23,LAL,67,1715,9.3,0.526,0.591,0.172,2.2,12.6,7.5,7.0,1.7,1.9,10.4,13.5,0.2,1.9,2.1,0.059,-2.3,1.0,-1.3,0.3,1655160,2.7496429662981328
Gordon Hayward,PF,28,BOS,72,1863,15.6,0.575,0.364,0.294,2.9,15.5,9.2,18.4,1.6,1.1,12.8,19.0,2.6,2.3,4.9,0.126,0.4,0.4,0.8,1.3,31214295,1.6987710678671422
Mario Hezonja,SF,23,NYK,58,1206,10.8,0.4970000000000001,0.328,0.246,2.4,18.7,10.4,11.5,2.3,0.6,14.6,21.3,-1.1,1.1,-0.1,-0.003,-3.5,-0.3,-3.8,-0.5,6500000,2.220510398844094
Buddy Hield,SG,26,SAC,82,2615,17.5,0.5870000000000001,0.479,0.142,4.1,12.4,8.1,11.9,1.0,1.1,9.2,25.1,4.3,1.6,5.9,0.108,3.5,-1.4,2.1,2.7,3833760,2.6594131268782357
NenÃª,C,36,HOU,42,546,11.9,0.552,0.026,0.405,6.7,18.4,12.5,6.8,1.6,2.3,7.4,11.7,0.8,0.6,1.4,0.123,-3.1,0.9,-2.2,0.0,3651480,2.513078035139812
George Hill,PG,32,TOT,60,1302,12.1,0.5539999999999999,0.407,0.226,3.2,8.3,5.9,14.0,1.9,0.5,11.0,15.1,1.5,1.3,2.8,0.103,-1.9,0.5,-1.4,0.2,19000000,1.8040317693636212
George Hill,PG,32,CLE,13,344,13.5,0.604,0.262,0.187,3.7,5.1,4.4,16.2,1.7,0.3,14.7,17.3,0.5,0.0,0.5,0.066,-0.7,-1.2,-2.0,0.0,19000000,1.8515801675421772
George Hill,PG,32,MIL,47,958,11.6,0.534,0.465,0.242,3.0,9.4,6.4,13.3,1.9,0.6,9.4,14.4,1.0,1.4,2.3,0.117,-2.3,1.1,-1.2,0.2,19000000,1.7857043882740895
Solomon Hill,SF,27,NOP,44,878,6.8,0.4970000000000001,0.5670000000000001,0.18,4.1,11.5,7.8,7.6,1.2,0.9,13.9,10.4,0.1,0.4,0.5,0.029,-3.1,-0.4,-3.6,-0.3,12763467,1.726540252862611
Aaron Holiday,PG,22,IND,50,646,11.9,0.518,0.485,0.191,0.9,10.4,5.8,19.3,1.6,1.8,12.3,21.9,0.1,0.8,0.9,0.065,-1.7,0.1,-1.6,0.1,1914480,2.7934961276296955
Jrue Holiday,SG,28,NOP,67,2402,19.4,0.555,0.313,0.234,3.3,11.0,7.2,31.8,2.1,1.8,14.1,25.4,3.5,1.9,5.4,0.108,3.1,-0.1,3.0,3.1,26641111,1.8622493979038652
Justin Holiday,SG,29,TOT,82,2607,10.0,0.52,0.598,0.136,1.9,11.9,6.8,8.1,2.3,1.2,11.2,15.7,-0.4,2.5,2.1,0.038,-2.3,0.5,-1.8,0.1,4500000,2.3467874862246565
Justin Holiday,SG,29,CHI,38,1325,11.0,0.531,0.685,0.117,1.5,12.4,6.9,9.1,2.5,1.4,10.2,15.2,0.2,1.1,1.3,0.047,-1.3,1.1,-0.3,0.6,4500000,2.3881801713828814
Justin Holiday,SG,29,MEM,44,1282,8.9,0.509,0.509,0.157,2.3,11.3,6.7,7.1,2.1,1.1,12.2,16.3,-0.6,1.4,0.8,0.029,-3.3,-0.1,-3.4,-0.5,4500000,2.2961774928695693
Rondae Hollis-Jefferson,SF,24,BRK,59,1234,12.5,0.464,0.101,0.376,7.1,19.2,13.2,11.7,1.7,1.7,10.7,21.6,-0.5,1.7,1.2,0.047,-3.0,0.4,-2.6,-0.2,2470356,2.704150469588562
Richaun Holmes,C,25,PHO,70,1184,20.7,0.647,0.0,0.479,10.6,20.5,15.5,7.9,1.7,5.6,10.5,17.9,3.1,1.1,4.3,0.173,0.1,0.5,0.6,0.8,1600520,3.1117092400255832
Rodney Hood,SG,26,TOT,72,1893,12.3,0.545,0.35200000000000004,0.231,1.4,7.9,4.6,10.0,1.5,0.5,6.9,18.1,2.1,0.5,2.6,0.065,-1.2,-0.8,-2.0,0.0,3472887,2.5492144588729047
Rodney Hood,SG,26,CLE,45,1234,13.0,0.542,0.335,0.251,1.6,8.8,5.0,11.5,1.5,0.4,6.7,19.1,1.5,0.0,1.5,0.059,-1.0,-1.1,-2.1,0.0,3472887,2.5732526997403435
Rodney Hood,SG,26,POR,27,659,10.9,0.5489999999999999,0.387,0.189,1.2,6.0,3.6,7.1,1.5,0.9,7.5,16.3,0.6,0.5,1.1,0.077,-1.7,-0.3,-2.0,0.0,3472887,2.4967358453741304
Al Horford,C,32,BOS,68,1973,20.2,0.605,0.281,0.131,6.5,18.3,12.4,21.2,1.4,3.9,11.8,18.9,4.5,2.9,7.5,0.181,3.3,1.9,5.1,3.6,28928710,1.844022301590991
Danuel House,SF,25,HOU,39,979,12.2,0.6459999999999999,0.706,0.282,2.8,13.3,7.9,5.9,1.1,1.0,11.0,14.1,1.6,0.7,2.3,0.113,0.1,-0.5,-0.5,0.4,247827,3.692211210990495
Kevin Huerter,SG,20,ATL,75,2048,10.1,0.5329999999999999,0.537,0.085,3.0,9.7,6.3,14.5,1.5,1.1,13.8,15.7,0.7,0.7,1.5,0.034,-1.6,-0.8,-2.4,-0.2,2250960,2.651953596211543
Chandler Hutchison,SF,22,CHI,44,895,8.8,0.507,0.239,0.182,3.7,18.9,11.2,5.3,1.2,0.6,10.0,12.2,0.0,0.6,0.6,0.03,-3.4,-0.5,-3.9,-0.4,1991520,2.6452979999456083
Serge Ibaka,C,29,TOR,74,2010,18.7,0.5820000000000001,0.193,0.202,8.6,23.2,16.1,7.7,0.7,4.3,10.7,22.9,2.8,3.3,6.1,0.146,0.2,0.1,0.2,1.2,21666667,1.9360494979318523
Andre Iguodala,SF,35,GSW,68,1578,13.1,0.5870000000000001,0.477,0.222,3.4,13.2,8.5,16.8,1.8,2.7,13.6,10.4,2.4,1.8,4.2,0.129,0.1,1.7,1.8,1.5,16000000,1.9131513129998394
Joe Ingles,PF,31,UTA,82,2568,13.4,0.581,0.602,0.153,1.5,12.2,7.0,26.1,1.8,0.6,18.4,17.5,2.5,3.6,6.0,0.113,0.3,1.1,1.4,2.2,12545455,2.0286183813864893
Brandon Ingram,SF,21,LAL,52,1760,13.4,0.555,0.129,0.396,2.5,13.0,7.8,12.9,0.7,1.4,13.1,23.2,0.6,1.4,2.0,0.055,-1.3,-0.7,-2.0,0.0,5757120,2.36689951648746
Kyrie Irving,PG,26,BOS,67,2214,24.3,0.5920000000000001,0.35,0.197,3.4,12.7,8.1,35.0,2.2,1.4,11.3,29.6,6.2,2.9,9.1,0.197,6.0,1.1,7.2,5.1,20099189,2.0824277395574553
Jonathan Isaac,PF,21,ORL,75,1996,13.0,0.537,0.435,0.221,5.2,17.0,11.0,5.7,1.4,4.1,10.1,16.3,0.9,3.1,4.0,0.096,-1.4,1.0,-0.4,0.8,4969080,2.4176673635550907
Wesley Iwundu,SF,24,ORL,68,1233,8.7,0.531,0.28800000000000003,0.376,3.2,13.0,8.0,7.9,1.1,1.5,12.1,12.8,0.5,1.4,1.9,0.073,-3.8,0.6,-3.2,-0.4,1378242,2.8001937723205232
Frank Jackson,PG,20,NOP,61,1169,9.4,0.517,0.378,0.163,2.2,9.5,5.9,8.0,1.0,0.1,9.1,18.5,0.1,0.4,0.4,0.018000000000000002,-2.9,-1.7,-4.6,-0.8,1378242,2.8338023733016033
Josh Jackson,SG,21,PHO,79,1988,10.6,0.487,0.268,0.253,3.6,15.9,9.7,14.1,1.8,2.3,15.6,23.9,-2.8,1.1,-1.7,-0.04,-3.3,-1.2,-4.6,-1.3,6041520,2.244159647742312
Justin Jackson,SF,23,TOT,81,1614,11.3,0.561,0.505,0.163,2.8,11.0,6.9,8.1,0.9,0.7,5.3,14.3,2.0,0.9,2.9,0.086,-0.8,-0.8,-1.6,0.2,2807880,2.6046999000154796
Justin Jackson,SF,23,SAC,52,1083,10.1,0.546,0.539,0.16899999999999998,2.3,11.8,6.9,8.0,1.0,1.0,6.5,12.9,1.0,0.6,1.6,0.07200000000000001,-1.3,-0.5,-1.9,0.0,2807880,2.5559428303147023
Justin Jackson,SF,23,DAL,29,531,13.9,0.584,0.453,0.153,3.9,9.4,6.7,8.4,0.8,0.2,3.3,17.0,1.0,0.3,1.3,0.114,0.4,-1.4,-1.0,0.1,2807880,2.694636256786155
Reggie Jackson,PG,28,DET,82,2289,15.2,0.547,0.45,0.225,2.1,8.5,5.2,24.7,1.2,0.3,11.4,24.5,3.1,1.9,5.0,0.105,1.3,-0.9,0.4,1.4,17043478,1.9502853635892727
LeBron James,SF,34,LAL,55,1937,25.6,0.588,0.299,0.382,3.1,21.3,12.4,39.4,1.7,1.4,13.3,31.6,4.7,2.6,7.2,0.179,6.4,1.7,8.0,4.9,35654150,1.8561298780467057
Jonas Jerebko,PF,31,GSW,73,1218,13.5,0.588,0.53,0.225,6.6,18.1,12.6,10.1,1.1,1.2,9.9,15.2,2.1,1.2,3.3,0.13,-0.3,-0.4,-0.7,0.4,2165481,2.7947793909261924
Amir Johnson,C,31,PHI,51,529,13.1,0.574,0.255,0.261,9.7,19.5,14.7,16.0,1.4,1.9,20.5,17.4,0.4,0.7,1.1,0.098,-2.9,0.6,-2.3,0.0,2393887,2.738167649349241
James Johnson,PF,31,MIA,55,1164,10.9,0.522,0.393,0.185,2.0,14.1,8.0,17.0,1.5,2.1,15.3,17.8,0.0,1.5,1.5,0.062,-2.4,1.1,-1.2,0.2,14420700,1.878440155812499
Stanley Johnson,SF,22,TOT,66,1208,9.6,0.485,0.489,0.145,3.0,16.9,9.7,10.6,2.4,1.0,14.7,19.4,-1.1,1.6,0.5,0.021,-3.1,0.9,-2.2,0.0,3940401,2.386730812425787
Stanley Johnson,SF,22,DET,48,961,9.8,0.482,0.519,0.146,2.7,17.7,9.9,9.4,2.5,1.1,12.9,19.1,-0.7,1.4,0.7,0.034,-2.9,1.3,-1.6,0.1,3940401,2.3956856550787133
Tyler Johnson,PG,26,TOT,57,1529,12.4,0.532,0.494,0.241,2.4,9.8,6.1,15.9,1.7,1.6,11.7,18.5,0.9,1.4,2.3,0.071,-0.7,0.3,-0.4,0.6,19245370,1.8090954201647955
Tyler Johnson,PG,26,MIA,44,1123,12.3,0.54,0.509,0.219,1.8,9.7,5.7,14.9,1.7,1.7,12.5,19.2,0.5,1.3,1.8,0.075,-0.7,0.6,-0.1,0.5,19245370,1.8055788464419584
Tyler Johnson,PG,26,PHO,13,406,12.8,0.506,0.448,0.312,4.0,10.3,7.1,18.6,1.6,1.2,9.0,16.5,0.4,0.1,0.5,0.06,-0.5,-0.6,-1.0,0.1,19245370,1.822883704650429
Wesley Johnson,SF,31,TOT,38,534,5.5,0.469,0.594,0.14800000000000002,2.4,11.7,7.1,5.3,1.2,1.9,11.7,12.0,-0.3,0.3,0.0,0.001,-4.3,-0.5,-4.8,-0.4,6134000,1.952618917847777
Wesley Johnson,SF,31,NOP,26,377,6.9,0.517,0.568,0.102,2.8,11.9,7.4,5.2,1.5,1.5,11.5,11.3,0.0,0.2,0.3,0.032,-3.4,0.3,-3.1,-0.1,6134000,2.0511053190907886
Damian Jones,C,23,GSW,24,410,15.3,0.72,0.0,0.5,8.4,11.0,9.8,8.7,1.4,5.1,15.1,11.1,1.0,0.5,1.5,0.173,-0.6,1.7,1.1,0.3,1544951,2.9957767210160187
Tyus Jones,PG,22,MIN,68,1560,13.7,0.491,0.28300000000000003,0.155,1.6,7.7,4.6,28.3,2.5,0.3,9.0,14.1,2.1,0.9,3.0,0.091,-0.9,0.3,-0.6,0.6,2444052,2.7486101253760644
DeAndre Jordan,C,30,TOT,69,2047,19.0,0.674,0.0,0.5920000000000001,11.7,35.2,23.5,11.6,1.0,3.0,21.4,15.0,4.0,3.1,7.1,0.16699999999999998,0.8,1.3,2.1,2.1,22897200,1.9189712233682905
DeAndre Jordan,C,30,DAL,50,1554,18.0,0.672,0.0,0.613,11.2,35.9,23.6,9.5,1.0,2.9,21.3,14.4,2.7,2.5,5.3,0.162,0.4,1.3,1.7,1.4,22897200,1.8954901275187674
DeAndre Jordan,C,30,NYK,19,493,22.1,0.6809999999999999,0.0,0.537,13.3,33.0,22.9,18.2,0.9,3.4,21.6,16.8,1.3,0.6,1.9,0.181,2.2,1.3,3.4,0.7,22897200,1.984609896100572
Cory Joseph,PG,27,IND,82,2063,11.0,0.474,0.312,0.078,2.1,12.6,7.5,20.7,2.2,0.9,12.4,13.7,0.5,2.9,3.5,0.081,-2.1,1.7,-0.4,0.9,7945000,2.1412987836148267
Frank Kaminsky,C,25,CHO,47,755,16.8,0.5870000000000001,0.466,0.359,5.5,18.1,11.7,12.9,0.8,1.4,10.6,22.1,1.3,0.5,1.8,0.114,1.4,-1.1,0.3,0.4,3627842,2.665660917346173
Enes Kanter,C,26,TOT,67,1640,22.3,0.594,0.05,0.28800000000000003,16.4,26.1,21.1,12.1,0.9,1.3,13.3,23.1,3.9,1.6,5.4,0.159,2.5,-1.5,1.0,1.2,19264603,2.0635447994362726
Enes Kanter,C,26,NYK,44,1128,21.8,0.585,0.047,0.276,15.5,27.5,21.4,13.1,0.8,1.3,13.1,22.9,2.4,0.9,3.4,0.14300000000000002,2.5,-1.6,0.8,0.8,19264603,2.053696429992717
Enes Kanter,C,26,POR,23,512,23.5,0.614,0.056,0.316,18.3,22.8,20.6,9.9,1.3,1.4,13.7,23.4,1.5,0.6,2.1,0.196,2.6,-1.3,1.3,0.4,19264603,2.086307798659848
Luke Kennard,SG,22,DET,63,1437,11.9,0.56,0.517,0.117,0.9,13.5,7.0,12.3,0.9,0.6,9.4,18.1,1.3,1.3,2.5,0.085,-0.4,-0.6,-1.1,0.3,3275280,2.560298528131307
Michael Kidd-Gilchrist,PF,25,CHO,64,1179,13.3,0.5529999999999999,0.142,0.37,7.9,14.8,11.3,7.4,1.3,2.9,10.0,15.7,1.5,1.0,2.5,0.1,-2.3,-0.1,-2.4,-0.1,13000000,2.009908288660249
Maxi Kleber,PF,27,DAL,71,1502,13.1,0.579,0.565,0.192,6.5,16.9,11.7,6.8,1.2,4.4,11.4,13.5,1.6,1.8,3.5,0.111,-0.8,1.2,0.4,0.9,1378242,2.977945815357669
Brandon Knight,PG,27,TOT,39,736,8.9,0.484,0.496,0.131,1.4,7.7,4.4,14.4,1.4,0.2,9.8,18.1,-0.1,0.0,0.0,-0.002,-3.5,-2.0,-5.4,-0.6,14631250,1.7841085756042132
Brandon Knight,PG,27,CLE,27,618,10.5,0.515,0.455,0.108,1.5,7.7,4.5,15.1,1.5,0.3,10.1,17.6,0.3,0.0,0.2,0.019,-2.3,-1.8,-4.1,-0.3,14631250,1.8559078680292385
Kevin Knox,PF,19,NYK,75,2158,8.7,0.475,0.398,0.247,2.9,13.6,8.1,6.0,1.0,0.9,10.1,22.3,-2.2,0.9,-1.3,-0.03,-3.4,-2.3,-5.7,-2.0,3744840,2.3660859856169165
Furkan Korkmaz,SG,21,PHI,48,679,11.5,0.528,0.588,0.18,2.6,13.8,8.3,10.7,2.0,0.2,8.6,17.9,0.4,0.7,1.1,0.079,-1.6,-0.2,-1.8,0.0,1740000,2.820148592071012
Luke Kornet,PF,23,NYK,46,784,14.8,0.531,0.682,0.163,3.6,14.6,9.0,10.5,1.7,4.5,7.6,17.9,0.6,0.7,1.4,0.083,1.4,0.7,2.1,0.8,1619260,2.960945127605473
Kyle Korver,SG-PF,37,TOT,70,1334,11.2,0.5820000000000001,0.72,0.151,0.7,12.4,6.6,8.9,0.9,0.7,10.3,18.5,1.0,1.3,2.3,0.08199999999999999,-0.2,-0.3,-0.5,0.5,7560000,2.170696227168975
Kyle Korver,SG,37,UTA,54,1083,11.2,0.569,0.722,0.14,0.9,12.2,6.7,8.6,1.0,0.7,8.9,18.7,0.8,1.3,2.0,0.091,-0.4,0.0,-0.4,0.4,7560000,2.170696227168975
Kosta Koufos,C,29,SAC,42,502,12.3,0.477,0.0,0.157,10.4,26.3,18.2,9.5,1.4,3.1,14.2,15.7,0.0,0.7,0.7,0.063,-3.6,0.2,-3.4,-0.2,8739500,2.1484185247377745
Rodions Kurucs,SF,20,BRK,63,1294,11.0,0.545,0.41,0.205,4.6,15.4,10.0,6.0,1.5,1.5,13.6,18.4,0.1,1.5,1.6,0.059,-2.9,0.3,-2.6,-0.2,1690000,2.8135059805445515
Kyle Kuzma,PF,23,LAL,70,2314,14.0,0.546,0.388,0.23,2.7,14.1,8.5,11.5,0.8,0.9,10.0,23.8,1.2,1.9,3.1,0.065,-0.2,-1.2,-1.4,0.4,1689840,2.918282449648377
Jeremy Lamb,SG,26,CHO,79,2250,17.3,0.552,0.337,0.266,3.1,18.1,10.4,11.9,1.9,1.2,6.8,22.5,3.3,2.0,5.3,0.113,1.2,0.0,1.2,1.8,7000000,2.3929480631145386
Zach LaVine,SG,23,CHI,63,2171,18.7,0.574,0.28300000000000003,0.33,2.0,12.9,7.4,22.6,1.3,1.0,14.2,30.5,1.7,1.1,2.8,0.062,2.4,-1.6,0.8,1.5,19500000,1.981806995173981
Jake Layman,SF,24,POR,71,1327,13.5,0.594,0.4270000000000001,0.16699999999999998,4.6,12.6,8.7,5.6,1.1,1.8,9.2,15.9,1.9,1.2,3.1,0.111,-0.1,-0.3,-0.5,0.5,1544951,2.941419058693426
Courtney Lee,SG,33,TOT,34,428,10.3,0.4920000000000001,0.426,0.163,2.2,11.2,6.7,12.8,2.4,0.6,9.2,15.3,0.1,0.4,0.4,0.05,-3.4,0.8,-2.5,-0.1,12253780,1.9245671458076297
Damion Lee,SG,26,GSW,32,375,11.9,0.578,0.535,0.173,2.4,15.3,9.1,4.5,1.6,0.0,7.4,16.8,0.3,0.4,0.7,0.09,-1.2,-1.1,-2.2,0.0,77250,4.187648473295659
Alex Len,C,25,ATL,77,1544,17.2,0.575,0.315,0.333,10.5,18.5,14.4,8.6,0.8,3.9,11.5,22.1,2.2,1.0,3.2,0.1,0.0,-1.3,-1.2,0.3,4350000,2.5970391899529117
Kawhi Leonard,SF,27,TOR,60,2040,25.8,0.606,0.267,0.377,4.2,18.6,11.6,16.4,2.5,1.0,8.4,30.3,6.1,3.4,9.5,0.224,6.1,1.1,7.2,4.7,23114066,2.047743356934162
Meyers Leonard,C,26,POR,61,878,15.8,0.675,0.459,0.211,6.1,21.8,14.2,11.8,0.7,0.8,14.0,14.8,2.1,0.9,3.0,0.16399999999999998,1.5,0.3,1.8,0.8,10595506,2.173535385203458
Jon Leuer,PF,29,DET,41,402,13.2,0.616,0.097,0.274,7.1,19.8,13.2,5.5,1.5,0.8,15.4,16.1,0.4,0.5,0.9,0.11,-2.8,0.4,-2.5,0.0,10002681,2.1204575124604874
Caris LeVert,SF,24,BRK,40,1063,14.9,0.509,0.319,0.255,3.5,11.4,7.5,23.2,1.9,1.0,11.4,24.0,0.5,1.2,1.7,0.077,-0.3,0.5,0.2,0.6,1702800,2.942022626907175
Damian Lillard,PG,28,POR,80,2838,23.7,0.588,0.419,0.335,2.6,11.1,7.0,30.6,1.5,1.0,10.8,29.3,9.7,2.4,12.1,0.205,6.6,-0.3,6.4,6.0,27977689,1.9279365077627382
Jeremy Lin,PG,30,TOT,74,1436,13.5,0.5579999999999999,0.34600000000000003,0.388,1.6,11.7,6.6,23.4,1.5,0.8,16.4,21.8,1.2,0.9,2.1,0.07,-1.4,-0.9,-2.2,-0.1,12516746,2.0328423292310958
Jeremy Lin,PG,30,ATL,51,1003,15.9,0.594,0.342,0.435,1.6,11.0,6.2,26.7,1.8,0.6,17.6,22.6,1.5,0.4,1.9,0.092,0.3,-1.0,-0.6,0.3,12516746,2.103905685056541
Jeremy Lin,PG,30,TOR,23,433,8.2,0.464,0.355,0.271,1.5,13.1,7.5,15.7,1.0,1.1,13.0,19.8,-0.3,0.5,0.2,0.02,-5.4,-0.6,-6.0,-0.4,12516746,1.8163224131198064
Shaun Livingston,PG,33,GSW,64,967,11.7,0.555,0.01,0.243,4.9,7.9,6.5,14.8,1.5,2.3,14.1,12.0,1.2,0.9,2.0,0.101,-1.7,0.7,-1.0,0.2,8307692,2.1487054746510297
Kevon Looney,C,22,GSW,80,1481,17.3,0.636,0.029,0.303,14.6,15.4,15.0,10.9,1.5,3.0,11.5,12.8,4.2,1.8,6.0,0.194,0.1,0.4,0.5,0.9,1567007,3.0429751666126093
Brook Lopez,C,30,MIL,81,2322,14.6,0.597,0.6509999999999999,0.16899999999999998,1.5,15.0,8.7,5.7,1.0,6.5,8.9,16.7,2.3,4.3,6.7,0.138,0.4,1.8,2.2,2.4,3382000,2.6351792525227142
Robin Lopez,C,30,CHI,74,1606,15.9,0.598,0.058,0.23,9.4,10.0,9.7,8.8,0.3,4.2,14.0,18.6,2.0,0.7,2.7,0.081,-0.6,-1.4,-1.9,0.0,14357750,2.0443107372794733
Kevin Love,PF,30,CLE,22,598,19.5,0.561,0.519,0.403,5.9,40.0,22.2,12.8,0.5,0.7,11.2,27.4,1.0,0.4,1.3,0.106,3.3,-1.6,1.6,0.6,24119025,1.907674863685381
Kyle Lowry,PG,32,TOR,65,2213,16.5,0.562,0.613,0.263,2.1,12.9,7.6,34.8,2.0,1.2,18.1,19.6,3.6,3.0,6.6,0.14400000000000002,1.7,0.6,2.3,2.4,32700000,1.70293619155362
Trey Lyles,PF,23,DEN,64,1120,12.7,0.5,0.404,0.234,4.2,19.6,11.9,11.3,1.3,1.8,11.1,23.4,-0.2,1.4,1.2,0.05,-1.8,-0.7,-2.4,-0.1,3364249,2.5769155889656328
Shelvin Mack,PG,28,TOT,57,1246,10.4,0.489,0.32299999999999995,0.208,1.6,7.9,4.7,22.6,1.9,0.3,13.0,18.1,-0.2,1.1,0.9,0.034,-2.7,-0.4,-3.0,-0.3,2512601,2.616909811015088
Shelvin Mack,PG,28,MEM,53,1204,11.0,0.499,0.329,0.193,1.6,8.0,4.8,23.3,1.9,0.3,12.8,18.0,0.1,1.0,1.1,0.045,-2.3,-0.3,-2.5,-0.1,2512601,2.641269156874533
Ian Mahinmi,C,32,WAS,34,498,12.0,0.531,0.154,0.5870000000000001,10.3,17.7,13.9,6.5,2.4,2.7,13.8,12.9,0.5,0.5,1.0,0.092,-3.5,0.6,-3.0,-0.1,16000000,1.8750612633917
Thon Maker,C-PF,21,TOT,64,972,11.3,0.53,0.5710000000000001,0.313,4.5,17.4,11.0,6.3,1.0,4.4,9.8,14.8,0.5,1.5,2.0,0.099,-2.2,1.0,-1.2,0.2,2799720,2.605963843761008
Thon Maker,C,21,MIL,35,409,12.9,0.546,0.5820000000000001,0.276,4.5,18.5,11.9,5.8,1.1,3.7,5.7,16.3,0.4,0.7,1.1,0.132,-1.3,1.3,0.0,0.2,2799720,2.6634751105768375
Thon Maker,PF,21,DET,29,563,10.2,0.514,0.56,0.35100000000000003,4.5,16.5,10.3,6.7,1.0,5.0,13.4,13.7,0.1,0.8,0.9,0.075,-2.9,0.8,-2.1,0.0,2799720,2.5614855720395058
Lauri Markkanen,PF,21,CHI,52,1682,17.1,0.5529999999999999,0.418,0.245,4.7,25.9,15.2,7.2,1.1,1.7,8.8,25.1,1.3,1.5,2.7,0.078,1.4,-1.5,-0.2,0.7,4536120,2.5763115753872676
Wesley Matthews,SF-SG,32,TOT,69,2091,10.3,0.546,0.5770000000000001,0.234,1.7,7.1,4.4,11.1,1.3,0.7,10.6,17.8,1.1,1.5,2.7,0.062,-1.4,-0.5,-1.8,0.1,19360228,1.7259267571378174
Wesley Matthews,SF,32,DAL,44,1312,11.3,0.556,0.561,0.235,1.6,6.6,4.2,11.6,1.2,0.8,10.1,18.9,1.0,0.8,1.8,0.066,-0.8,-0.5,-1.3,0.2,19360228,1.766167975916065
Wesley Matthews,SG,32,IND,23,725,9.2,0.5429999999999999,0.619,0.229,1.7,8.1,5.0,10.1,1.3,0.5,11.8,15.8,0.3,0.7,1.0,0.067,-2.0,-0.4,-2.4,-0.1,19360228,1.6768773597782005
Patrick McCaw,SG,23,TOT,29,397,7.5,0.532,0.444,0.238,2.0,10.9,6.5,9.2,2.8,0.4,19.6,9.4,0.0,0.5,0.5,0.065,-4.8,1.9,-3.0,-0.1,964104,2.890937378669451
Patrick McCaw,SG,23,TOR,26,344,8.7,0.569,0.444,0.278,2.3,11.6,7.1,9.8,2.9,0.5,18.8,9.3,0.2,0.5,0.7,0.096,-4.4,2.7,-1.7,0.0,964104,2.9553953678963696
CJ McCollum,SG,27,POR,70,2375,17.0,0.5529999999999999,0.358,0.154,2.9,9.7,6.3,13.8,1.1,0.9,7.4,25.5,4.0,1.7,5.6,0.114,2.1,-1.0,1.0,1.8,25759766,1.8195070077747517
Doug McDermott,SF,27,IND,77,1340,11.6,0.617,0.488,0.187,1.4,7.5,4.5,7.1,0.7,0.5,8.4,16.3,1.8,1.1,2.9,0.103,-0.5,-0.9,-1.4,0.2,7333334,2.19915652364306
JaVale McGee,C,31,LAL,75,1671,21.8,0.634,0.019,0.237,12.3,22.5,17.5,4.8,1.3,7.3,13.2,20.2,3.0,2.9,5.9,0.171,0.3,1.2,1.4,1.4,2393887,2.9593528472980815
Rodney McGruder,SG,27,MIA,66,1550,9.4,0.51,0.488,0.156,4.1,12.2,8.2,10.3,1.1,0.7,11.5,15.4,0.4,1.6,1.9,0.059,-2.2,-0.1,-2.3,-0.1,1544951,2.7842131437981186
Alfonzo McKinnie,SF,26,GSW,72,1003,11.2,0.569,0.429,0.175,9.0,16.9,13.1,4.0,0.9,1.3,9.2,13.9,1.2,0.9,2.1,0.1,-2.2,-1.3,-3.5,-0.4,1349383,2.9190827882105466
Salah Mejri,C,32,DAL,36,399,16.1,0.5589999999999999,0.304,0.28600000000000003,9.7,25.3,17.6,13.2,1.2,5.5,14.3,15.8,0.5,0.6,1.1,0.136,-1.1,1.9,0.8,0.3,2098196,2.8849798212769957
De'Anthony Melton,PG,20,PHO,50,984,9.9,0.466,0.371,0.109,2.8,12.5,7.5,22.3,3.3,1.9,21.8,15.0,-0.8,0.8,0.0,0.002,-3.8,1.1,-2.7,-0.2,949000,3.0183689821702573
Khris Middleton,SF,27,MIL,77,2393,16.5,0.5579999999999999,0.413,0.225,2.3,16.5,9.8,20.1,1.6,0.2,12.1,25.1,2.5,3.6,6.1,0.123,0.7,0.1,0.8,1.7,13000000,2.1035405919070693
Darius Miller,SF,28,NOP,69,1757,8.4,0.55,0.752,0.147,0.8,6.6,3.8,10.4,1.1,1.1,10.3,13.4,1.1,0.6,1.6,0.045,-2.1,-0.8,-2.9,-0.4,2205000,2.5808706922580242
Paul Millsap,PF,33,DEN,70,1895,17.9,0.57,0.239,0.374,8.7,20.2,14.4,10.6,2.2,2.5,10.9,19.6,3.2,2.9,6.1,0.155,0.7,1.0,1.7,1.8,29230769,1.7870127900985604
Donovan Mitchell,SG,22,UTA,77,2598,17.2,0.537,0.339,0.259,2.5,10.5,6.6,21.2,2.0,0.9,11.3,31.6,1.3,3.7,5.0,0.092,1.2,0.1,1.3,2.2,3111480,2.742561433140186
Malik Monk,SG,20,CHO,73,1258,11.8,0.518,0.563,0.174,1.3,10.6,5.9,14.3,1.4,1.3,12.0,24.6,-0.4,0.7,0.3,0.012,-1.3,-1.7,-3.0,-0.3,3447480,2.5343802519404233
Greg Monroe,C,28,TOT,43,480,16.0,0.521,0.026,0.381,15.4,22.9,19.3,8.1,1.4,1.4,12.7,22.6,0.4,0.7,1.1,0.108,-2.0,-1.3,-3.2,-0.1,2410167,2.822072846858765
Greg Monroe,C,28,TOR,38,423,13.5,0.487,0.025,0.379,15.7,23.8,19.9,5.4,1.5,1.6,14.2,22.2,-0.1,0.7,0.6,0.071,-3.5,-1.4,-5.0,-0.3,2410167,2.748286632697846
E'Twaun Moore,SG,29,NOP,53,1463,11.5,0.5670000000000001,0.331,0.111,2.5,6.4,4.5,9.5,1.3,0.4,9.6,17.3,1.2,0.5,1.7,0.055,-1.2,-1.1,-2.3,-0.1,8808685,2.115786760530617
Marcus Morris,PF,29,BOS,75,2091,14.2,0.568,0.461,0.205,3.9,19.5,11.7,7.5,1.0,1.1,9.1,20.9,2.1,2.5,4.5,0.104,-0.2,-0.7,-0.9,0.6,5375000,2.4219098757954134
Markieff Morris,PF,29,TOT,58,1270,11.7,0.521,0.419,0.19,5.0,17.5,11.1,8.8,1.3,1.5,9.3,19.1,0.6,1.1,1.6,0.061,-2.1,-0.6,-2.7,-0.2,9173294,2.105660549070182
Markieff Morris,PF,29,WAS,34,883,12.3,0.5429999999999999,0.439,0.223,5.0,16.6,10.7,9.6,1.3,1.9,11.5,19.5,0.4,0.5,0.9,0.051,-1.8,-0.9,-2.7,-0.2,9173294,2.1273797987634184
Markieff Morris,PF,29,OKC,24,387,10.4,0.475,0.378,0.122,5.2,19.6,12.1,6.8,1.3,0.4,4.1,18.0,0.2,0.5,0.7,0.083,-2.8,0.1,-2.8,-0.1,9173294,2.054508026622801
Monte Morris,PG,23,DEN,82,1970,16.2,0.5770000000000001,0.32299999999999995,0.115,1.9,8.8,5.3,21.7,1.8,0.2,6.6,17.1,4.4,1.8,6.2,0.151,1.1,0.3,1.5,1.7,1349383,3.079379780082996
Emmanuel Mudiay,PG,22,NYK,59,1607,14.6,0.531,0.284,0.251,2.1,10.9,6.4,24.2,1.3,1.0,14.6,25.6,0.1,0.7,0.8,0.023,-0.2,-1.8,-2.0,0.0,4294479,2.531442372401748
Jamal Murray,PG,21,DEN,75,2447,16.0,0.5379999999999999,0.353,0.19,2.9,11.2,7.0,22.4,1.3,1.0,11.1,24.9,2.8,2.3,5.1,0.1,1.4,-0.8,0.6,1.6,3499800,2.6600767558422658
Mike Muscala,PF,27,TOT,64,1306,10.8,0.564,0.7090000000000001,0.235,4.7,14.7,9.8,7.7,0.8,2.3,10.8,14.3,1.2,1.2,2.5,0.091,-0.8,-0.3,-1.1,0.3,5000000,2.3344537511509307
Mike Muscala,PF,27,PHI,47,1041,10.4,0.56,0.716,0.277,5.3,14.7,10.2,7.9,0.8,2.0,12.1,14.3,0.9,1.0,1.9,0.087,-1.1,-0.4,-1.5,0.1,5000000,2.3180633349627615
Sviatoslav Mykhailiuk,SF,21,TOT,42,440,6.0,0.447,0.636,0.14300000000000002,2.2,6.2,4.2,10.9,1.5,0.2,12.4,16.0,-0.4,0.3,-0.1,-0.012,-3.9,-1.1,-5.0,-0.3,1487694,2.6056376389169635
Sviatoslav Mykhailiuk,SF,21,LAL,39,420,5.8,0.451,0.644,0.152,2.0,6.3,4.2,10.1,1.4,0.2,12.4,15.9,-0.4,0.3,-0.1,-0.013,-4.1,-1.1,-5.2,-0.3,1487694,2.590914382096257
Abdel Nader,SF,25,OKC,61,694,8.8,0.522,0.465,0.16699999999999998,2.0,15.7,8.6,3.8,1.3,1.5,10.1,15.1,0.0,0.9,0.9,0.062,-3.6,0.3,-3.2,-0.2,1378242,2.8051571918520737
Shabazz Napier,PG,27,BRK,56,983,15.3,0.534,0.524,0.317,1.9,8.7,5.3,22.2,2.0,1.3,11.7,24.0,1.0,1.0,2.0,0.098,0.9,0.6,1.5,0.9,1942422,2.8963478425465627
Raul Neto,PG,26,UTA,37,474,13.5,0.5579999999999999,0.373,0.205,1.4,12.6,7.1,28.7,1.4,0.7,16.6,19.0,0.5,0.6,1.1,0.116,-1.1,0.8,-0.3,0.2,2100000,2.808114473761087
Georges Niang,PF,25,UTA,59,516,13.0,0.613,0.58,0.133,2.4,15.7,9.1,10.1,0.9,0.9,10.7,17.8,0.7,0.7,1.3,0.123,-0.2,0.2,0.0,0.3,1512601,2.9342189691289775
Joakim Noah,C,33,MEM,42,693,18.6,0.5710000000000001,0.005,0.512,9.2,29.6,19.3,20.6,1.4,4.2,16.1,20.0,1.0,1.2,2.2,0.15,-0.3,2.4,2.1,0.7,20261172,1.9628483808633859
Nerlens Noel,C,24,OKC,77,1055,19.3,0.608,0.0,0.28600000000000003,12.1,20.0,15.9,5.9,2.9,7.7,13.4,13.8,1.9,2.5,4.3,0.198,-1.2,3.3,2.1,1.1,1757429,3.040679520426052
Dirk Nowitzki,PF,40,DAL,51,795,9.6,0.469,0.545,0.133,0.7,20.5,10.6,6.9,0.5,1.9,4.3,22.5,-0.5,0.8,0.3,0.016,-2.7,-1.2,-3.9,-0.4,5000000,2.2833012287035497
Frank Ntilikina,PG,20,NYK,43,904,6.0,0.417,0.408,0.106,1.4,8.9,5.0,19.5,1.6,1.3,15.9,16.6,-1.3,0.4,-0.8,-0.045,-5.2,-0.8,-6.0,-0.9,4155720,2.1595049719776775
David Nwaba,SG,26,CLE,51,984,12.5,0.5579999999999999,0.28600000000000003,0.324,4.4,14.4,9.2,8.1,1.8,1.5,8.8,14.6,1.1,0.3,1.4,0.069,-1.8,-0.3,-2.1,0.0,1512601,2.9171856298301972
Royce O'Neale,SF,25,UTA,82,1671,9.0,0.589,0.513,0.122,1.5,16.7,9.2,10.0,1.5,1.1,16.2,11.0,0.7,2.5,3.3,0.094,-2.6,2.1,-0.5,0.6,1378242,2.8149170291412298
Kyle O'Quinn,C,28,IND,45,371,16.8,0.537,0.08800000000000001,0.154,8.9,26.4,17.8,22.4,1.2,6.0,17.6,20.8,0.2,0.8,1.0,0.125,-2.5,3.0,0.4,0.2,4449000,2.5770468759778185
Semi Ojeleye,PF,24,BOS,56,594,8.5,0.531,0.563,0.247,4.3,11.2,7.7,5.1,0.8,0.6,9.8,14.1,0.2,0.5,0.7,0.057,-2.8,-1.2,-4.0,-0.3,1378242,2.7900934454161974
Jahlil Okafor,C,23,NOP,59,935,17.9,0.603,0.014,0.246,9.2,21.4,15.4,6.3,0.7,3.5,11.5,19.9,1.4,0.8,2.2,0.115,-0.6,-0.9,-1.5,0.1,1567007,3.0577820944637066
Elie Okobo,PG,21,PHO,53,958,7.6,0.489,0.455,0.162,1.4,10.1,5.7,18.7,1.6,0.6,18.2,17.0,-0.7,0.2,-0.5,-0.027000000000000003,-4.2,-1.5,-5.7,-0.9,1238464,2.787930205362635
Josh Okogie,SG,20,MIN,74,1757,9.4,0.4920000000000001,0.423,0.319,2.5,10.9,6.6,6.9,2.4,1.6,9.8,15.4,-0.1,1.4,1.2,0.034,-3.5,0.4,-3.1,-0.5,2163600,2.637950880829672
Victor Oladipo,SG,26,IND,36,1147,17.6,0.519,0.3670000000000001,0.24,2.1,17.1,9.8,25.2,2.6,0.9,11.2,27.9,0.4,1.9,2.3,0.097,1.8,1.2,2.9,1.4,21000000,1.9232933730802306
Kelly Olynyk,PF,27,MIA,79,1812,14.4,0.61,0.5660000000000001,0.328,4.2,17.8,11.0,11.4,1.4,1.8,15.0,18.0,2.3,2.5,4.7,0.126,-0.2,0.9,0.7,1.2,13537527,2.0268231562798364
Cedi Osman,SF,23,CLE,76,2444,11.5,0.536,0.443,0.214,2.0,14.8,8.1,12.1,1.2,0.4,11.0,18.6,1.2,0.2,1.5,0.029,-1.4,-1.8,-3.2,-0.8,2775000,2.6174348528949167
Zaza Pachulia,C,34,DET,68,878,13.7,0.539,0.021,0.642,11.9,21.5,16.5,14.7,1.7,1.6,18.7,15.0,1.1,1.3,2.3,0.128,-2.8,1.6,-1.2,0.2,2393887,2.757616920849883
Jabari Parker,PF,23,TOT,64,1724,15.5,0.56,0.26,0.246,4.9,21.8,13.3,14.1,1.3,1.5,15.4,24.6,0.1,1.3,1.4,0.039,-0.7,-0.9,-1.5,0.2,20000000,1.8893017025063104
Jabari Parker,PF,23,CHI,39,1042,14.6,0.5429999999999999,0.246,0.233,4.2,21.1,12.6,13.2,1.1,1.2,14.1,25.0,-0.2,0.7,0.5,0.024,-1.1,-1.1,-2.1,0.0,20000000,1.863322860120456
Jabari Parker,PF,23,WAS,25,682,17.0,0.5870000000000001,0.284,0.267,5.9,23.0,14.3,15.4,1.6,2.0,17.4,24.0,0.3,0.6,0.9,0.063,0.0,-0.6,-0.6,0.2,20000000,1.9294189257142926
Tony Parker,PG,36,CHO,56,1003,15.3,0.512,0.11,0.268,1.5,7.6,4.5,33.3,1.0,0.6,12.7,25.5,0.6,0.3,0.9,0.044,-0.3,-2.3,-2.6,-0.1,5000000,2.48572142648158
Chandler Parsons,SF,30,MEM,25,496,8.5,0.484,0.516,0.13699999999999998,0.9,15.2,7.9,13.4,1.9,1.0,14.2,20.3,-0.6,0.6,0.0,-0.004,-3.9,-0.5,-4.4,-0.3,24107258,1.5472711099113154
Patrick Patterson,PF,29,OKC,63,861,8.1,0.493,0.626,0.13699999999999998,4.9,13.0,8.8,4.6,0.9,1.3,8.7,12.0,0.2,0.9,1.1,0.064,-2.0,-0.4,-2.5,-0.1,5451600,2.171961036016399
Chris Paul,PG,33,HOU,58,1857,19.7,0.56,0.493,0.282,2.1,13.9,7.9,39.3,3.0,0.8,15.8,22.5,4.4,2.2,6.6,0.172,2.7,1.1,3.9,2.8,35654150,1.7423561388964492
Cameron Payne,PG,24,TOT,40,712,11.5,0.519,0.377,0.184,2.0,9.2,5.5,21.8,1.9,1.1,15.7,17.6,0.1,0.3,0.5,0.031,-2.3,-0.7,-3.0,-0.2,3440356,2.524094455678593
Cameron Payne,PG,24,CHI,31,536,10.3,0.4920000000000001,0.35100000000000003,0.149,2.0,8.8,5.4,22.4,1.8,1.0,16.0,17.4,-0.1,0.3,0.2,0.014,-3.1,-0.7,-3.8,-0.2,3440356,2.4762338400301536
Elfrid Payton,PG,24,NOP,42,1250,14.0,0.502,0.255,0.18,4.1,14.0,9.1,33.5,1.6,1.1,20.1,18.3,0.6,0.9,1.5,0.058,-0.7,-0.7,-1.4,0.2,3000000,2.6690067809585756
Mason Plumlee,C,28,DEN,82,1731,17.8,0.602,0.023,0.448,10.3,22.5,16.4,19.5,1.9,3.9,19.2,16.2,2.9,2.9,5.8,0.16,-0.5,2.6,2.1,1.8,12917808,2.139231177060751
Jakob Poeltl,C,23,SAS,77,1273,19.4,0.64,0.0,0.317,15.4,19.7,17.6,10.0,1.1,4.5,12.7,13.1,3.5,1.6,5.1,0.193,1.3,0.7,2.0,1.3,2947320,2.81837443877338
Otto Porter,SF,25,TOT,56,1683,15.9,0.569,0.398,0.149,3.4,17.0,10.1,10.6,2.3,1.6,8.7,19.1,1.8,1.5,3.2,0.093,0.8,0.1,0.9,1.2,26011913,1.786224831532765
Otto Porter,SF,25,WAS,41,1191,15.0,0.551,0.398,0.145,3.6,17.7,10.5,9.6,2.5,1.6,7.8,18.2,1.0,1.1,2.1,0.085,0.0,0.3,0.3,0.7,26011913,1.7609189662679947
Otto Porter,SF,25,CHI,15,492,18.0,0.609,0.398,0.159,3.1,15.4,9.2,13.0,1.8,1.6,10.4,21.3,0.8,0.4,1.1,0.112,2.6,-0.4,2.2,0.5,26011913,1.8401002123156194
Bobby Portis,PF,23,TOT,50,1299,16.1,0.529,0.304,0.154,9.0,24.9,16.8,8.8,1.3,1.3,9.9,24.6,0.5,1.1,1.6,0.06,-0.2,-2.3,-2.4,-0.1,2494346,2.8098691801097404
Bobby Portis,PF,23,CHI,22,531,17.2,0.529,0.266,0.185,9.3,23.8,16.5,9.2,1.0,1.3,9.0,26.5,0.3,0.4,0.7,0.062,0.5,-2.4,-1.9,0.0,2494346,2.8385717509854396
Bobby Portis,PF,23,WAS,28,768,15.3,0.53,0.333,0.132,8.8,25.7,17.1,8.4,1.5,1.3,10.6,23.3,0.2,0.7,0.9,0.058,-0.6,-2.2,-2.8,-0.2,2494346,2.7877347348954893
Dwight Powell,C,27,DAL,77,1662,20.4,0.682,0.261,0.523,9.1,17.3,13.2,10.7,1.3,2.6,10.1,17.2,5.6,1.9,7.5,0.215,2.0,0.9,2.9,2.1,9631250,2.3259475113634043
Norman Powell,SG,25,TOR,60,1126,13.3,0.596,0.425,0.188,1.6,11.5,6.7,11.6,1.7,1.0,13.1,19.0,1.0,1.4,2.4,0.102,-0.9,0.2,-0.7,0.4,9367200,2.152241847974231
Ivan Rabb,PF,21,MEM,49,721,16.1,0.586,0.071,0.325,10.7,21.5,16.0,12.0,1.2,1.8,12.6,17.2,1.2,0.9,2.1,0.13699999999999998,-1.1,-0.3,-1.4,0.1,1378242,3.0675003957337545
Chasson Randle,PG,25,WAS,49,743,9.9,0.555,0.53,0.28600000000000003,1.4,6.8,4.1,17.5,1.6,0.3,15.0,16.4,0.4,0.2,0.6,0.041,-2.7,-1.3,-4.0,-0.4,975824,3.0062636993913077
Julius Randle,PF,24,NOP,73,2232,21.0,0.6,0.179,0.447,7.6,21.6,14.7,15.8,1.1,1.6,13.8,27.8,4.2,1.9,6.1,0.131,2.1,-0.6,1.5,2.0,8641000,2.3856552895986534
Josh Richardson,SG,25,MIA,73,2539,14.0,0.536,0.448,0.225,2.3,8.8,5.5,17.9,1.5,1.2,9.1,20.9,3.0,2.6,5.6,0.106,0.1,0.2,0.3,1.5,9367200,2.1745182426853833
Austin Rivers,SG,26,TOT,76,2028,7.7,0.503,0.5720000000000001,0.166,1.3,7.5,4.4,11.5,1.1,1.0,10.0,14.5,0.4,0.8,1.2,0.028,-3.3,-1.0,-4.3,-1.1,13155324,1.7673891764619463
Austin Rivers,SG,26,WAS,29,683,6.8,0.49,0.546,0.237,1.6,9.8,5.6,11.2,1.2,1.2,14.4,15.5,-0.4,0.2,-0.2,-0.014,-4.1,-1.2,-5.3,-0.6,13155324,1.7134073639957008
Austin Rivers,SG,26,HOU,47,1345,8.2,0.511,0.585,0.13,1.2,6.4,3.7,11.7,1.1,0.8,7.4,13.9,0.8,0.6,1.4,0.05,-2.9,-0.9,-3.8,-0.6,13155324,1.7947123036731811
Glenn Robinson III,SF,25,DET,47,610,8.7,0.511,0.35200000000000004,0.227,2.9,10.0,6.4,5.1,1.1,1.1,8.5,15.0,0.1,0.6,0.7,0.054000000000000006,-2.8,-0.1,-3.0,-0.2,4075000,2.329391639542623
Mitchell Robinson,C,20,NYK,66,1360,22.0,0.6920000000000001,0.0,0.464,13.3,19.4,16.3,4.2,1.8,10.0,9.1,12.1,4.0,2.2,6.1,0.217,0.1,2.4,2.5,1.6,1485440,3.1705675663824016
Rajon Rondo,PG,32,LAL,46,1369,12.1,0.473,0.329,0.083,2.6,15.5,9.2,35.5,1.9,0.4,22.1,17.4,-0.2,1.5,1.3,0.047,-1.7,0.2,-1.5,0.2,9000000,2.128542860877125
Derrick Rose,PG,30,MIN,51,1392,19.5,0.557,0.194,0.212,2.5,8.3,5.4,26.4,1.1,0.7,9.1,27.3,2.6,0.3,3.0,0.102,3.2,-1.7,1.4,1.2,2176260,2.9523238316323788
Terrence Ross,SG,27,ORL,81,2150,15.4,0.561,0.551,0.14,1.3,12.8,7.0,9.9,1.6,1.1,7.6,23.9,1.7,2.6,4.3,0.095,1.1,-0.3,0.8,1.5,10500000,2.166331421766525
Terry Rozier,PG,24,BOS,79,1791,12.9,0.501,0.506,0.14,1.9,16.4,9.1,17.7,1.8,1.0,8.8,18.6,0.9,2.3,3.2,0.086,-0.7,0.5,-0.2,0.8,3050389,2.6262344841390357
Ricky Rubio,PG,28,UTA,68,1899,14.0,0.52,0.348,0.312,1.9,11.8,6.9,32.1,2.3,0.4,17.8,22.7,0.9,2.8,3.7,0.095,-1.0,0.8,-0.2,0.9,14800000,1.9758663202832807
D'Angelo Russell,PG,22,BRK,81,2448,19.4,0.5329999999999999,0.419,0.135,2.3,11.2,6.8,41.3,1.9,0.6,13.6,31.9,2.4,2.6,5.0,0.097,4.0,-0.6,3.4,3.4,7019698,2.4414833015261754
Domantas Sabonis,C,22,IND,74,1838,21.9,0.63,0.024,0.416,11.5,29.8,20.8,18.2,1.3,1.5,16.2,23.5,4.3,3.3,7.6,0.197,1.9,1.3,3.1,2.4,2659800,2.91559513315714
Mike Scott,PF,30,TOT,79,1395,8.6,0.528,0.6,0.079,3.4,17.2,10.5,6.4,0.9,0.7,9.2,14.4,0.4,1.2,1.6,0.053,-1.9,-0.7,-2.5,-0.2,4320500,2.298964441772283
Mike Scott,PF,30,LAC,52,748,9.4,0.521,0.578,0.078,3.5,20.6,12.3,8.1,1.1,0.8,10.2,14.9,0.1,0.7,0.9,0.055,-1.5,0.0,-1.5,0.1,4320500,2.337593844128414
Mike Scott,PF,30,PHI,27,647,7.7,0.537,0.626,0.079,3.2,13.2,8.3,4.6,0.7,0.6,8.0,13.8,0.2,0.5,0.7,0.052000000000000005,-2.3,-1.4,-3.7,-0.3,4320500,2.250956715701197
Thabo Sefolosha,SF,34,UTA,50,609,12.1,0.599,0.523,0.14800000000000002,1.4,20.1,10.9,6.1,3.4,0.7,13.6,12.9,0.2,1.2,1.5,0.115,-1.6,3.1,1.5,0.5,5250000,2.3626260669104933
Wayne Selden,SG,24,TOT,75,1439,8.3,0.491,0.36,0.19,2.8,11.0,6.9,11.3,1.1,0.8,13.1,18.4,-1.0,0.8,-0.3,-0.009000000000000001,-3.8,-1.6,-5.4,-1.2,1544951,2.7301633825744935
Wayne Selden,SG,24,MEM,32,455,8.8,0.495,0.391,0.18,3.9,7.0,5.4,12.4,1.1,1.2,11.7,19.3,-0.2,0.3,0.1,0.014,-3.3,-1.1,-4.4,-0.3,1544951,2.7555679623485885
Wayne Selden,SG,24,CHI,43,984,8.1,0.489,0.345,0.196,2.3,12.8,7.5,10.8,1.1,0.6,13.8,18.0,-0.8,0.4,-0.4,-0.019,-4.0,-1.8,-5.9,-1.0,1544951,2.7195703090770693
Collin Sexton,PG,20,CLE,82,2605,12.0,0.52,0.245,0.211,2.3,8.0,5.0,15.3,0.8,0.2,12.3,25.2,-0.1,-0.5,-0.6,-0.011,-1.4,-3.3,-4.7,-1.8,4073760,2.469185806495384
Landry Shamet,SG,21,TOT,79,1802,11.0,0.604,0.711,0.16699999999999998,1.3,6.4,3.9,9.0,1.0,0.4,7.0,15.0,2.7,0.9,3.6,0.095,-0.3,-1.3,-1.6,0.2,1705920,2.8094340243133553
Landry Shamet,SG,21,PHI,54,1108,10.7,0.606,0.706,0.156,1.4,5.9,3.7,7.4,1.0,0.6,6.6,15.0,1.6,0.6,2.2,0.096,-0.7,-1.1,-1.9,0.0,1705920,2.7974251168403397
Landry Shamet,SG,21,LAC,25,694,11.3,0.601,0.7190000000000001,0.18600000000000005,1.1,7.3,4.3,11.5,0.9,0.2,7.7,15.0,1.1,0.3,1.4,0.094,0.4,-1.6,-1.2,0.1,1705920,2.82111978263855
Iman Shumpert,SG,28,TOT,62,1481,9.1,0.499,0.612,0.101,1.9,11.4,6.5,9.9,1.9,1.4,9.7,14.5,0.1,1.2,1.4,0.045,-2.4,0.5,-1.9,0.0,11011234,1.9172054003829468
Iman Shumpert,SG,28,SAC,42,1099,10.1,0.511,0.58,0.118,1.7,10.6,6.0,10.7,2.0,1.6,9.4,15.2,0.3,0.9,1.2,0.054000000000000006,-1.9,0.6,-1.3,0.2,11011234,1.9624853818444958
Iman Shumpert,SG,28,HOU,20,382,6.3,0.456,0.7240000000000001,0.041,2.3,13.6,7.8,7.6,1.5,0.9,10.7,12.7,-0.2,0.3,0.2,0.019,-4.0,0.2,-3.7,-0.2,11011234,1.7575045575154349
Pascal Siakam,PF,24,TOR,80,2548,18.7,0.628,0.226,0.32,5.4,17.5,11.6,14.6,1.4,1.7,12.5,20.8,5.7,3.6,9.3,0.175,1.6,0.8,2.4,2.8,1544951,3.082926896734919
Ben Simmons,PG,22,PHI,79,2700,20.0,0.5820000000000001,0.006,0.446,6.9,20.0,13.7,34.2,2.0,1.8,19.3,22.1,4.6,3.6,8.2,0.146,2.2,1.3,3.6,3.8,6434520,2.4925138405582272
Jonathon Simmons,SG-SF,29,TOT,56,1064,8.5,0.466,0.297,0.277,2.7,10.0,6.3,16.7,1.3,1.2,14.8,18.7,-0.8,1.1,0.3,0.013,-3.9,-0.3,-4.2,-0.6,6000000,2.151267675330649
Jonathon Simmons,SG,29,ORL,41,845,7.4,0.445,0.29,0.252,2.9,9.9,6.3,15.7,1.0,1.4,15.0,19.3,-1.0,0.8,-0.2,-0.01,-4.6,-0.5,-5.2,-0.7,6000000,2.0910804693473324
Marcus Smart,SG,24,BOS,80,2200,13.1,0.568,0.61,0.228,2.8,8.6,5.7,19.1,3.1,1.1,16.5,14.6,2.2,3.1,5.3,0.116,-1.2,2.0,0.8,1.5,11160716,2.0695792386102623
Tony Snell,SF,27,MIL,74,1304,10.7,0.585,0.565,0.116,2.4,9.4,6.1,6.7,0.9,1.2,5.7,12.9,1.6,1.6,3.2,0.117,-1.0,0.3,-0.7,0.4,10607143,2.0037853538611325
Omari Spellman,PF,21,ATL,46,805,12.4,0.516,0.525,0.184,9.2,16.3,12.7,8.0,1.5,2.7,10.5,14.9,0.6,0.5,1.2,0.07,-0.5,-0.7,-1.2,0.2,1622520,2.8832316263239703
Nik Stauskas,SG,25,TOT,68,1015,10.9,0.545,0.556,0.189,1.9,11.7,6.8,11.1,1.0,0.6,12.2,17.6,0.6,0.5,1.1,0.052000000000000005,-0.7,-1.2,-1.9,0.0,2161886,2.7025937088211474
Nik Stauskas,SG,25,POR,44,673,10.8,0.545,0.546,0.157,1.6,10.8,6.3,12.6,1.0,0.5,14.0,17.9,0.3,0.4,0.8,0.055,-0.9,-0.8,-1.6,0.1,2161886,2.6985909663674734
Nik Stauskas,SG,25,CLE,24,342,11.3,0.544,0.578,0.257,2.5,13.2,7.6,8.0,1.0,0.8,8.3,16.9,0.3,0.0,0.3,0.046,-0.5,-2.1,-2.5,0.0,2161886,2.7182456543639435
Lance Stephenson,SG,28,LAL,68,1123,11.8,0.529,0.456,0.16899999999999998,3.0,16.5,9.9,17.3,1.7,0.5,15.6,20.3,-0.1,1.2,1.1,0.049,-1.6,0.1,-1.5,0.1,4449000,2.423619601558081
Jayson Tatum,SF,20,BOS,79,2455,15.1,0.547,0.3,0.22,3.0,17.7,10.4,10.0,1.6,2.1,9.7,22.1,1.6,3.4,5.0,0.097,-0.4,0.2,-0.2,1.1,6700800,2.35285029163044
Jeff Teague,PG,30,MIN,42,1264,15.4,0.528,0.252,0.368,1.3,7.7,4.5,37.6,1.6,1.2,16.7,19.3,1.7,0.5,2.2,0.085,0.8,-1.2,-0.4,0.5,19000000,1.908767119883634
Garrett Temple,SG,32,TOT,75,2040,8.5,0.5429999999999999,0.535,0.217,1.5,10.2,5.8,7.4,1.8,1.4,11.5,13.2,0.3,2.0,2.2,0.052000000000000005,-3.3,0.5,-2.8,-0.4,8000000,2.026328938722349
Garrett Temple,SG,32,MEM,49,1530,8.6,0.551,0.5429999999999999,0.196,1.3,10.0,5.6,6.7,1.6,1.5,11.4,13.9,0.1,1.5,1.6,0.05,-3.1,0.4,-2.7,-0.3,8000000,2.031408464251624
Garrett Temple,SG,32,LAC,26,510,8.0,0.514,0.509,0.292,2.1,10.9,6.7,9.4,2.4,0.8,11.8,11.2,0.2,0.5,0.6,0.061,-4.1,1.0,-3.1,-0.1,8000000,2.0
Daniel Theis,C,26,BOS,66,908,17.0,0.624,0.252,0.28600000000000003,10.2,16.2,13.2,10.5,1.1,4.1,9.9,15.8,2.3,1.3,3.5,0.188,-0.8,0.9,0.0,0.5,1378242,3.0911234410801787
Lance Thomas,PF,30,NYK,46,783,6.4,0.482,0.401,0.183,2.7,13.1,7.8,5.0,1.0,0.8,10.1,12.9,-0.3,0.3,0.1,0.004,-4.8,-0.9,-5.7,-0.7,7119650,1.9537213296173706
Klay Thompson,SG,28,GSW,78,2652,16.6,0.5710000000000001,0.4270000000000001,0.113,1.6,10.1,6.0,10.5,1.5,1.5,7.2,25.6,2.9,2.3,5.3,0.095,1.1,-1.4,-0.3,1.2,18988725,1.9416122830741798
Tristan Thompson,C,27,CLE,43,1198,18.4,0.551,0.0,0.279,15.4,25.7,20.3,11.2,1.2,1.2,12.1,17.7,2.1,0.5,2.6,0.105,1.4,-1.9,-0.5,0.4,17469565,2.0225357320192603
Anthony Tolliver,PF,33,MIN,65,1079,8.6,0.5710000000000001,0.83,0.232,1.5,16.2,8.8,5.5,0.8,1.7,11.2,12.5,0.6,0.5,1.2,0.052000000000000005,-1.7,-0.7,-2.4,-0.1,5750000,2.1748306065539373
Karl-Anthony Towns,C,23,MIN,77,2545,26.3,0.622,0.27,0.342,10.9,29.3,20.0,17.2,1.3,4.2,13.7,28.9,7.2,3.2,10.4,0.197,5.4,0.6,6.0,5.1,7839435,2.525670984941083
Allonzo Trier,SG,23,NYK,64,1459,12.2,0.564,0.255,0.431,2.2,12.2,7.1,12.9,0.9,0.8,15.8,21.5,0.4,0.5,0.9,0.03,-1.6,-1.5,-3.1,-0.4,3382000,2.5571862274130255
Evan Turner,PG,30,POR,73,1605,11.6,0.504,0.117,0.239,2.5,18.9,10.9,23.6,1.0,0.9,18.9,15.9,0.5,1.5,2.0,0.06,-1.8,0.5,-1.3,0.3,17868853,1.812361313148697
Myles Turner,C,22,IND,74,2119,18.0,0.5670000000000001,0.251,0.258,5.4,22.0,13.9,8.0,1.4,8.4,10.3,20.0,1.9,4.4,6.3,0.14400000000000002,0.0,2.4,2.5,2.4,3294994,2.7374178769985473
Fred VanVleet,PG,24,TOR,64,1760,13.7,0.539,0.493,0.192,1.3,8.7,5.1,23.9,1.6,0.9,11.2,17.9,2.4,1.9,4.3,0.117,0.4,0.1,0.5,1.1,8653847,2.199511354551515
Noah Vonleh,PF,23,NYK,68,1722,13.9,0.561,0.311,0.355,6.7,25.8,16.0,11.1,1.3,2.5,14.7,14.8,1.5,1.7,3.2,0.09,-1.2,0.5,-0.7,0.6,1621415,2.9331206138183687
Dwyane Wade,SG,37,MIA,72,1885,15.8,0.51,0.272,0.243,3.9,12.2,8.0,26.5,1.5,1.8,13.5,27.9,0.1,2.3,2.4,0.061,0.8,-0.2,0.6,1.2,2393887,2.819553440647899
Moritz Wagner,C,21,LAL,43,446,10.1,0.5329999999999999,0.45,0.31,4.0,15.4,9.8,7.4,1.1,2.4,16.7,21.7,-0.3,0.5,0.2,0.02,-3.9,-0.4,-4.3,-0.3,1764240,2.7577637093214347
Dion Waiters,SG,27,MIA,44,1138,11.4,0.53,0.605,0.092,0.7,10.2,5.4,16.4,1.2,0.7,11.4,21.1,0.1,1.1,1.2,0.052000000000000005,-0.5,-0.6,-1.1,0.3,12705000,1.9529301819500844
Kemba Walker,PG,28,CHO,82,2863,21.7,0.5579999999999999,0.434,0.267,1.9,11.9,6.8,29.4,1.7,1.0,10.1,31.5,5.5,1.9,7.4,0.123,5.2,-1.0,4.2,4.4,12000000,2.257278487800905
John Wall,PG,28,WAS,32,1104,18.0,0.527,0.306,0.317,1.5,10.1,5.7,39.2,2.1,2.2,16.1,28.8,0.5,0.7,1.2,0.051,2.2,-1.4,0.9,0.8,19169800,1.9726549232293895
Tyrone Wallace,PG,24,LAC,62,628,7.0,0.45,0.08800000000000001,0.263,3.5,13.2,8.5,9.5,1.6,0.9,12.9,18.7,-0.8,0.5,-0.3,-0.023,-5.6,-0.8,-6.4,-0.7,1349383,2.7149628055546215
Taurean Prince,SF,24,ATL,55,1552,11.9,0.575,0.53,0.195,1.5,12.3,6.7,11.1,1.6,1.1,13.4,19.5,0.8,0.7,1.5,0.047,-1.0,-1.0,-2.0,0.0,2526840,2.6729692182130305
Brad Wanamaker,PG,29,BOS,36,343,14.3,0.597,0.371,0.267,0.9,11.8,6.4,22.5,1.7,0.5,13.9,17.1,0.6,0.4,1.0,0.134,-1.3,0.7,-0.7,0.1,838464,3.231851616840172
Russell Westbrook,PG,30,OKC,73,2630,21.1,0.501,0.279,0.306,4.1,28.3,15.8,46.5,2.5,1.1,16.3,30.9,1.8,5.0,6.8,0.124,2.8,2.4,5.2,4.7,35665000,1.7720402269409907
Derrick White,PG,24,SAS,67,1728,14.8,0.555,0.262,0.227,2.2,13.3,7.8,21.0,1.9,2.3,14.0,17.7,1.7,1.9,3.6,0.101,-0.4,1.3,0.9,1.3,1667160,2.9482844336337766
Hassan Whiteside,C,29,MIA,72,1674,23.5,0.564,0.024,0.35700000000000004,16.3,35.6,25.9,5.6,1.3,7.3,11.0,22.6,2.3,4.0,6.3,0.18,1.1,1.2,2.3,1.8,24434262,1.9830686359187117
Andrew Wiggins,SF,23,MIN,73,2543,12.4,0.493,0.28800000000000003,0.245,3.5,11.4,7.4,10.9,1.3,1.6,9.3,24.4,-0.6,1.3,0.6,0.012,-1.2,-1.8,-3.0,-0.6,25467250,1.6874396335753292
Johnathan Williams,C,23,LAL,24,372,15.1,0.599,0.018000000000000002,0.436,13.6,13.9,13.7,4.9,1.0,1.5,10.9,16.4,0.7,0.3,1.0,0.135,-2.0,-1.1,-3.2,-0.1,127250,4.074319156284373
Kenrich Williams,SF,24,NOP,46,1079,9.7,0.485,0.5589999999999999,0.068,5.4,15.5,10.5,9.5,1.9,1.4,11.1,12.3,0.3,0.9,1.2,0.053,-2.3,0.4,-1.9,0.0,838464,3.063287313641355
Marvin Williams,PF,32,CHO,75,2133,12.6,0.5479999999999999,0.586,0.132,3.8,17.1,10.3,6.1,1.6,2.5,6.4,14.9,1.9,1.9,3.8,0.086,-0.4,0.2,-0.3,0.9,14087500,1.9515366160634
Justise Winslow,SF,22,MIA,66,1959,12.8,0.513,0.342,0.183,3.4,15.9,9.6,21.9,1.8,0.9,14.9,20.8,0.2,2.6,2.8,0.067,-1.3,0.7,-0.6,0.7,3448926,2.5695260933832413
Delon Wright,PG,26,TOT,75,1699,15.5,0.523,0.301,0.269,4.4,12.8,8.6,21.6,2.5,1.6,11.0,18.1,1.9,2.4,4.3,0.121,0.1,1.4,1.5,1.5,2536898,2.78602869209467
Delon Wright,PG,26,TOR,49,897,14.5,0.527,0.307,0.208,4.8,10.1,7.5,16.8,2.5,1.4,10.4,17.1,1.0,1.3,2.3,0.123,0.1,1.6,1.7,0.8,2536898,2.757064996159353
Delon Wright,PG,26,MEM,26,802,16.6,0.519,0.294,0.336,4.0,15.9,9.9,26.9,2.6,1.8,11.6,19.2,0.9,1.1,2.0,0.119,0.0,1.2,1.2,0.6,2536898,2.8158050819644336
Thaddeus Young,PF,30,IND,81,2489,16.2,0.569,0.174,0.161,8.7,14.4,11.7,12.0,2.4,1.3,12.0,18.0,3.0,3.9,6.9,0.133,0.4,1.1,1.5,2.2,13764045,2.0707689307143617
Trae Young,PG,20,ATL,81,2503,17.0,0.539,0.384,0.33,2.6,10.2,6.3,40.5,1.3,0.5,17.6,28.4,2.5,0.7,3.3,0.062,2.3,-2.8,-0.6,0.9,5363280,2.501018450672779
Cody Zeller,C,26,CHO,49,1243,17.2,0.611,0.064,0.409,9.4,19.7,14.5,12.1,1.5,2.9,13.2,16.3,2.6,1.2,3.9,0.15,-0.6,0.7,0.1,0.7,13528090,2.104291963023559
Ivica Zubac,C,21,TOT,59,1040,18.9,0.604,0.0,0.332,11.9,24.2,18.2,9.1,0.6,4.0,13.9,20.3,1.9,1.3,3.2,0.14800000000000002,-0.2,-0.2,-0.5,0.4,1544951,3.0875470943716636
Ivica Zubac,C,21,LAL,33,516,19.5,0.633,0.0,0.342,11.0,21.2,16.2,7.3,0.4,4.3,12.9,20.5,1.1,0.6,1.8,0.165,-0.3,0.1,-0.2,0.2,1544951,3.1011199015609376
Ivica Zubac,C,21,LAC,26,524,18.3,0.574,0.0,0.32299999999999995,12.7,27.2,20.2,10.9,0.9,3.6,14.8,20.1,0.7,0.7,1.4,0.132,-0.2,-0.5,-0.7,0.2,1544951,3.073536379928849
